Agency,Government Branch ,Department Agency,Child Agency,Website,Other Websites,
AbilityOne Commission,Executive Department Sub-Office/Agency/Bureau,,,https://www.abilityone.gov/,,
Access Board,Executive Department Sub-Office/Agency/Bureau,,,https://www.access-board.gov/,,
Administration for Children and Families (ACF),Executive Department Sub-Office/Agency/Bureau,U.S. Department of Health and Human Services,,https://www.acf.hhs.gov/,,
Administration for Community Living,Executive Department Sub-Office/Agency/Bureau,U.S. Department of Health and Human Services,,https://acl.gov/,,
Administration for Native Americans,Executive Department Sub-Office/Agency/Bureau,U.S. Department of Health and Human Services,Administration for Children and Families,https://www.acf.hhs.gov/ana,,
Administrative Conference of the United States,Independent Agency,,,https://www.acus.gov/,,
Administrative Office of the U.S. Courts,Judicial ,,,https://www.uscourts.gov/,,
Advisory Council on Historic Preservation,"Independent Board, Commission, Committee",,,https://www.achp.gov/,,
African Development Foundation,Independent Agency,,,https://www.usadf.gov/welcome/,,
Agency for Global Media,Independent Agency,,,https://www.usagm.gov/,,
Agency for Healthcare Research and Quality (AHRQ),Executive Department Sub-Office/Agency/Bureau,U.S. Department of Health and Human Services,,https://www.ahrq.gov/,,
Agency for International Development (USAID),Independent Agency,,,https://www.usaid.gov/,,
Agency for Toxic Substances and Disease Registry,Executive Department Sub-Office/Agency/Bureau,U.S. Department of Health and Human Services,Centers for Disease Control and Prevention ,https://www.atsdr.cdc.gov/,,
Agricultural Marketing Service (AMS),Executive Department Sub-Office/Agency/Bureau,U.S. Department of Agriculture,Marketing and Regulatory Programs ,https://www.ams.usda.gov/,,
Agricultural Research Service,Executive Department Sub-Office/Agency/Bureau,U.S. Department of Agriculture,,https://www.ars.usda.gov/,,
Agriculture Department (USDA),Executive Department,White House,,https://www.usda.gov/,,
Agriculture Library,Executive Department Sub-Office/Agency/Bureau,U.S. Department of Agriculture,,https://www.nal.usda.gov/main/,,
Air Force,Executive Department Sub-Office/Agency/Bureau,U.S. Department of Defense,,https://www.af.mil/,,
Air Force Reserve,Executive Department Sub-Office/Agency/Bureau,U.S. Department of Defense,U.S. Air Force,https://www.afrc.af.mil/,https://www.afreserve.com/,
Alcohol and Tobacco Tax and Trade Bureau,Executive Department Sub-Office/Agency/Bureau,U.S. Department of the Treasury,,https://www.ttb.gov/,,
"Alcohol, Tobacco, Firearms and Explosives Bureau (ATF)",Executive Department Sub-Office/Agency/Bureau,U.S. Department of Justice,,https://www.atf.gov/,,
Alhurra TV,Executive Department Sub-Office/Agency/Bureau,U.S. Agency for Global Media,,https://www.alhurra.com/,https://www.radiosawa.com/,
American Battle Monuments Commission,"Independent Board, Commission, Committee",,,http://www.abmc.gov/,,
AmeriCorps,None,Corporation for National and Community Service ,,https://www.americorps.gov/,,
Ames Laboratory,Executive Department Sub-Office/Agency/Bureau,U.S. Department of Energy,National Laboratories ,https://www.ameslab.gov/,,
Amtrak (AMTRAK),Independent Agency,,,https://www.amtrak.com/home.html,,
Animal and Plant Health Inspection Service (APHIS),Executive Department Sub-Office/Agency/Bureau,U.S. Department of Agriculture,Marketing and Regulatory Programs ,https://www.aphis.usda.gov/aphis/home/,,
Antitrust Division,Executive Department Sub-Office/Agency/Bureau,U.S. Department of Justice,,https://www.justice.gov/atr,,
Appalachian Regional Commission,"Independent Board, Commission, Committee",,,https://www.arc.gov/index.asp,,
Architect of the Capitol,Legislative,U.S. House of Representatives,,https://www.aoc.gov/,https://www.capitol.gov/,
"Archives, National Archives and Records Administration (NARA)",Independent Agency,,,https://www.archives.gov/,,
Arctic Research Commission,"Independent Board, Commission, Committee",,,https://www.arctic.gov/,,
Argonne National Laboratory,Executive Department Sub-Office/Agency/Bureau,U.S. Department of Energy,National Laboratories ,https://www.anl.gov/,,
Armed Forces Retirement Home,Executive Department Sub-Office/Agency/Bureau,,,https://www.afrh.gov/,,
Arms Control and International Security,Executive Department Sub-Office/Agency/Bureau,U.S. Department of State ,,https://www.state.gov/bureaus-offices/under-secretary-for-arms-control-and-international-security-affairs/,,
Army,Executive Department Sub-Office/Agency/Bureau,U.S. Department of Defense,,https://www.army.mil/,,
Army Corps of Engineers,Executive Department Sub-Office/Agency/Bureau,U.S. Department of Defense,U.S. Army,https://www.usace.army.mil/,,
"Arthritis, Musculoskeletal and Skin Diseases, National Institute of",Executive Department Sub-Office/Agency/Bureau,U.S. Department of Health and Human Services,National Institutes of Health ,https://www.niams.nih.gov/,,
Bankruptcy Courts,Judicial ,,,https://www.uscourts.gov/services-forms/bankruptcy,,
Barry M. Goldwater Scholarship and Excellence in Education Program,"Independent Board, Commission, Committee",,,https://goldwater.scholarsapply.org/,,
Bonneville Power Administration,Executive Department Sub-Office/Agency/Bureau,U.S. Department of Energy,Power Administrations ,https://www.bpa.gov/Pages/home.aspx,,
Botanic Garden,Legislative,U.S. House of Representatives,Architect of the Capitol,https://www.usbg.gov/,,
Brookhaven National Laboratory,Executive Department Sub-Office/Agency/Bureau,U.S. Department of Energy,National Laboratories ,https://www.bnl.gov/world/,,
Bureau of Alcohol and Tobacco Tax and Trade,Executive Department Sub-Office/Agency/Bureau,U.S. Department of the Treasury,,https://www.ttb.gov/,,
"Bureau of Alcohol, Tobacco, Firearms and Explosives (ATF)",Executive Department Sub-Office/Agency/Bureau,U.S. Department of Justice,,https://www.atf.gov/,,
Bureau of Consular Affairs,Executive Department Sub-Office/Agency/Bureau,U.S. Department of State ,,https://travel.state.gov/content/travel.html,,
Bureau of Consumer Financial Protection,Independent Agency,,,https://www.consumerfinance.gov/,,
Bureau of Economic Analysis (BEA),Executive Department Sub-Office/Agency/Bureau,U.S. Department of Commerce,,https://www.bea.gov/,,
Bureau of Engraving and Printing (BEP),Executive Department Sub-Office/Agency/Bureau,U.S. Department of the Treasury,,https://www.moneyfactory.gov/,,
Bureau of Indian Affairs,Executive Department Sub-Office/Agency/Bureau,U.S. Department of the Interior,,https://www.bia.gov/,,
Bureau of Industry and Security (BIS),Executive Department Sub-Office/Agency/Bureau,U.S. Department of Commerce,,https://www.bis.doc.gov/,,
Bureau of International Labor Affairs,Executive Department Sub-Office/Agency/Bureau,U.S. Department of Labor,,https://www.dol.gov/agencies/ilab,,
Bureau of Justice Statistics,Executive Department Sub-Office/Agency/Bureau,U.S. Department of Justice,Office of Justice Programs,https://www.bjs.gov/,,
Bureau of Labor Statistics,Executive Department Sub-Office/Agency/Bureau,U.S. Department of Labor,,https://stats.bls.gov/,,
Bureau of Land Management (BLM),Executive Department Sub-Office/Agency/Bureau,U.S. Department of the Interior,,https://www.blm.gov/,,
Bureau of Ocean Energy Management,Executive Department Sub-Office/Agency/Bureau,U.S. Department of the Interior,,https://www.boem.gov/,,
Bureau of Prisons (BOP),Executive Department Sub-Office/Agency/Bureau,U.S. Department of Justice,,https://www.bop.gov/,,
Bureau of Reclamation,Executive Department Sub-Office/Agency/Bureau,U.S. Department of the Interior,,https://www.usbr.gov/,,
Bureau of Safety and Environmental Enforcement (BSEE),Executive Department Sub-Office/Agency/Bureau,U.S. Department of the Interior,,https://www.bsee.gov/,,
Bureau of the Census,Executive Department Sub-Office/Agency/Bureau,U.S. Department of Commerce,,https://www.census.gov/,,
Bureau of the Fiscal Service,Executive Department Sub-Office/Agency/Bureau,U.S. Department of the Treasury,,https://www.fiscal.treasury.gov/,https://www.treasurydirect.gov/,
Bureau of Transportation Statistics,Executive Department Sub-Office/Agency/Bureau,U.S. Department of Transportation,,https://www.bts.gov/,,
Capitol Police,Legislative,U.S. House of Representatives,,https://www.uscp.gov/,,
Capitol Visitor Center,Legislative,U.S. House of Representatives,Architect of the Capitol,http://www.visitthecapitol.gov/,,
"Career, Technical, and Adult Education, Office of",Executive Department Sub-Office/Agency/Bureau,U.S. Department of Education ,,https://www2.ed.gov/about/offices/list/ovae/index.html,,
Census Bureau,Executive Department Sub-Office/Agency/Bureau,U.S. Department of Commerce,,https://www.census.gov/,,
Center for Food Safety and Applied Nutrition,Executive Department Sub-Office/Agency/Bureau,U.S. Department of Health and Human Services,Food and Drug Administration,https://www.fda.gov/about-fda/fda-organization/center-food-safety-and-applied-nutrition-cfsan,,
Center for Nutrition Policy and Promotion (CNPP),Executive Department Sub-Office/Agency/Bureau,U.S. Department of Agriculture,,https://www.fns.usda.gov/cnpp,https://www.choosemyplate.gov/,
Center for Parent Information and Resources (CPIR),Executive Department Sub-Office/Agency/Bureau,U.S. Department of Education ,Office of Special Education and Rehabilitative Services ,https://www.parentcenterhub.org/,,
Centers for Disease Control and Prevention (CDC),Executive Department Sub-Office/Agency/Bureau,U.S. Department of Health and Human Services,,https://www.cdc.gov/,,
Centers for Medicare and Medicaid Services (CMS),Executive Department Sub-Office/Agency/Bureau,U.S. Department of Health and Human Services,,https://www.cms.gov/,,
Central Command (CENTCOM),Executive Department Sub-Office/Agency/Bureau,U.S. Department of Defense,Unified Combatant Commands ,https://www.centcom.mil/,,
Central Intelligence Agency (CIA),Independent Agency,,,https://www.cia.gov/index.html,,
Chemical Safety Board,"Independent Board, Commission, Committee",,,https://www.csb.gov/,,
Chief Acquisition Officers Council,None,,,https://www.cao.gov/cao-home,,
Chief Financial Officers Council,None,,,https://cfo.gov/,,
Chief Human Capital Officers Council,None,,,https://www.chcoc.gov/,,
Chief Information Officers Council,None,,,https://www.cio.gov/,,
"Child Support Enforcement, Office of (OCSE)",Executive Department Sub-Office/Agency/Bureau,U.S. Department of Health and Human Services,Administration for Children and Families ,https://www.acf.hhs.gov/css,,
Circuit Courts of Appeal,Judicial ,,,https://www.uscourts.gov/about-federal-courts,,
Citizens' Stamp Advisory Committee,"Independent Board, Commission, Committee",,,https://about.usps.com/who-we-are/csac/welcome.htm,,
Citizenship and Immigration Services (USCIS),Executive Department Sub-Office/Agency/Bureau,U.S. Department of Homeland Security ,,https://www.uscis.gov/,,
"Civil Rights Division, Department of Justice",Executive Department Sub-Office/Agency/Bureau,U.S. Department of Justice,,https://www.justice.gov/crt,,
"Civil Rights, Department of Education Office of",Executive Department Sub-Office/Agency/Bureau,U.S. Department of Education ,,https://www2.ed.gov/about/offices/list/ocr/index.html,,
"Civil Rights, Department of Health and Human Services Office for",Executive Department Sub-Office/Agency/Bureau,U.S. Department of Health and Human Services,,https://www.hhs.gov/ocr/index.html,,
Coast Guard,Executive Department Sub-Office/Agency/Bureau,U.S. Department of Homeland Security ,,https://www.uscg.mil/,https://www.uscgboating.org/,
Commerce Department (DOC),Executive Department ,White House,,https://www.commerce.gov/,,
Commission of Fine Arts,"Independent Board, Commission, Committee",,,https://www.cfa.gov/,,
Commission on Civil Rights,Independent Agency,,,https://www.usccr.gov/,,
Commission on International Religious Freedom,Executive Department Sub-Office/Agency/Bureau,,,https://www.uscirf.gov/,,
Commission on Presidential Scholars,Executive Department Sub-Office/Agency/Bureau,U.S. Department of Education ,,https://www2.ed.gov/programs/psp/commission.html?exp=0,,
Commission on Security and Cooperation in Europe (Helsinki Commission),Independent Agency,,,https://www.csce.gov/,,
Committee for the Implementation of Textile Agreements,Executive Department Sub-Office/Agency/Bureau,U.S. Department of Commerce,International Trade Administration ,https://otexa.trade.gov/cita_otexa.htm,,
Committee on Foreign Investment in the United States,"Independent Board, Commission, Committee",U.S. Department of the Treasury,,https://www.treasury.gov/about/organizational-structure/offices/International-Affairs/Pages/cfius-index.aspx,,
Commodity Futures Trading Commission (CFTC),Independent Agency,,,https://www.cftc.gov/,,
Community Oriented Policing Services (COPS),Executive Department Sub-Office/Agency/Bureau,U.S. Department of Justice ,,https://www.cops.usdoj.gov/,,
Community Planning and Development,Executive Department Sub-Office/Agency/Bureau,U.S. Department of Housing and Urban Development ,,https://www.hud.gov/program_offices/comm_planning,,
"Compliance, Office of",Legislative,U.S. House of Representatives ,,https://www.ocwr.gov/,,
"Comptroller of the Currency, Office of (OCC)",Executive Department Sub-Office/Agency/Bureau,U.S. Department of the Treasury ,,https://www.occ.gov/,,
Computer Emergency Readiness Team (US CERT),Executive Department Sub-Office/Agency/Bureau,U.S. Department of Homeland Security ,,https://www.us-cert.gov/,,
Congress—U.S. House of Representatives,Legislative,,,https://www.house.gov/,,
Congress—U.S. Senate,Legislative,,,https://www.senate.gov/,,
Congressional Budget Office (CBO),Legislative,U.S. House of Representatives,,https://www.cbo.gov/,,
Congressional Research Service,Legislative,U.S. House of Representatives,Library of Congress,https://www.loc.gov/crsinfo/about/,,
"Consular Affairs, Bureau of",Executive Department Sub-Office/Agency/Bureau,U.S. Department of State ,,https://travel.state.gov/content/travel.html,,
Consumer Financial Protection Bureau,Independent Agency,,,https://www.consumerfinance.gov/,,
Consumer Product Safety Commission (CPSC),Independent Agency,,,https://www.cpsc.gov/,https://www.recalls.gov/,https://www.saferproducts.gov/Default.aspx
Coordinating Council on Juvenile Justice and Delinquency Prevention,"Independent Board, Commission, Committee",,,https://www.juvenilecouncil.gov/,,
Copyright Office,Legislative,U.S. House of Representatives,Library of Congress,https://www.copyright.gov/,,
Corporation for National and Community Service (CNCS),Independent Agency,,,https://www.nationalservice.gov/about/contact-us,,
Corps of Engineers,Executive Department Sub-Office/Agency/Bureau,U.S. Department of Defense,U.S. Army,https://www.usace.army.mil/,,
Council of Economic Advisers,Executive Office of the President,White House,,https://www.whitehouse.gov/cea/,,
Council of the Inspectors General on Integrity and Efficiency,"Independent Board, Commission, Committee",,,https://www.ignet.gov/,,
Council on Environmental Quality,Executive Office of the President,White House,,https://www.whitehouse.gov/ceq/,,
Court of Appeals for the Armed Forces,Judicial ,,,https://www.armfor.uscourts.gov/newcaaf/home.htm,,
Court of Appeals for the Federal Circuit,Judicial ,Supreme Court of the United States,,http://www.cafc.uscourts.gov/,,
Court of Appeals for Veterans Claims,Judicial ,,,http://www.uscourts.cavc.gov/,,
Court of Federal Claims,Judicial ,,,http://www.uscfc.uscourts.gov/,,
Court of International Trade,Judicial ,,,https://www.cit.uscourts.gov/,,
Court Services and Offender Supervision Agency for the District of Columbia,Executive Department Sub-Office/Agency/Bureau,,,https://www.csosa.gov/,,
Customs and Border Protection,Executive Department Sub-Office/Agency/Bureau,U.S. Department of Homeland Security ,,https://www.cbp.gov/,,
Cybersecurity and Infrastructure Security Agency (CISA),Executive Department Sub-Office/Agency/Bureau,U.S. Department of Homeland Security ,,https://www.cisa.gov/,,
Debt and Claims Management Center,Executive Department Sub-Office/Agency/Bureau,U.S. Department of Defense,Defense Finance and Accounting Service ,https://www.dfas.mil/debtandclaims/,,
Defense Acquisition University,Executive Department Sub-Office/Agency/Bureau,U.S. Department of Defense,,https://www.dau.edu/,,
Defense Advanced Research Projects Agency (DARPA),Executive Department Sub-Office/Agency/Bureau,U.S. Department of Defense,,https://www.darpa.mil/,,
Defense Commissary Agency,Executive Department Sub-Office/Agency/Bureau,U.S. Department of Defense,,https://www.commissaries.com/,,
Defense Contract Audit Agency,Executive Department Sub-Office/Agency/Bureau,U.S. Department of Defense,,https://www.dcaa.mil/,,
Defense Contract Management Agency,Executive Department Sub-Office/Agency/Bureau,U.S. Department of Defense,,https://www.dcma.mil/,,
Defense Department (DOD),Executive Department,White House,,https://www.defense.gov/,,
Defense Finance and Accounting Service (DFAS),Executive Department Sub-Office/Agency/Bureau,U.S. Department of Defense,,https://www.dfas.mil/,,
Defense Finance and Accounting Service Debt and Claims Management Center,Executive Department Sub-Office/Agency/Bureau,U.S. Department of Defense,Defense Finance and Accounting Service ,https://www.dfas.mil/debtandclaims/,,
Defense Health Agency,Executive Department Sub-Office/Agency/Bureau,U.S. Department of Defense,,https://www.health.mil/About-MHS/Contact-Us,https://tricare.mil/ContactUs,
Defense Information Systems Agency (DISA),Executive Department Sub-Office/Agency/Bureau,U.S. Department of Defense,,https://www.disa.mil/,,
Defense Intelligence Agency (DIA),Executive Department Sub-Office/Agency/Bureau,U.S. Department of Defense,,https://www.dia.mil/,,
Defense Logistics Agency (DLA),Executive Department Sub-Office/Agency/Bureau,U.S. Department of Defense,,https://www.dla.mil/,,
Defense Nuclear Facilities Safety Board,Independent Agency,,,https://www.dnfsb.gov/,,
Defense Security Cooperation Agency (DSCA),Executive Department Sub-Office/Agency/Bureau,U.S. Department of Defense,,https://www.dsca.mil/,,
Defense Security Service,Executive Department Sub-Office/Agency/Bureau,U.S. Department of Defense,,https://www.dcsa.mil/,,
Defense Technical Information Center (DTIC),Executive Department Sub-Office/Agency/Bureau,U.S. Department of Defense,,https://discover.dtic.mil/,,
Defense Threat Reduction Agency (DTRA),Executive Department Sub-Office/Agency/Bureau,U.S. Department of Defense,,https://www.dtra.mil/,,
Delaware River Basin Commission,"Independent Board, Commission, Committee",,,https://www.state.nj.us/drbc/,,
Delta Regional Authority,"Independent Board, Commission, Committee",,,https://dra.gov/,,
Denali Commission,Independent Agency,,,http://www.denali.gov/,,
Department of Agriculture (USDA),Executive Department,White House,,https://www.usda.gov/,,
Department of Commerce (DOC),Executive Department,White House,,https://www.commerce.gov/,,
Department of Defense (DOD),Executive Department,White House,,https://www.defense.gov/,,
Department of Education (ED),Executive Department,White House,,https://www.ed.gov/,,
Department of Energy (DOE),Executive Department,White House,,https://www.energy.gov/,,
Department of Health and Human Services (HHS),Executive Department,White House,,https://www.hhs.gov/,,
Department of Homeland Security (DHS),Executive Department,White House,,https://www.dhs.gov/,,
Department of Housing and Urban Development (HUD),Executive Department,White House,,https://www.hud.gov/,,
Department of Justice (DOJ),Executive Department,White House,,https://www.justice.gov/,,
Department of Labor (DOL),Executive Department,White House,,https://www.dol.gov/,,
Department of State (DOS),Executive Department,White House,,https://www.state.gov/,,
Department of the Interior (DOI),Executive Department,White House,,https://www.doi.gov/,,
Department of the Treasury,Executive Department,White House,,https://home.treasury.gov/,,
Department of Transportation (DOT),Executive Department,White House,,https://www.transportation.gov/,,
Department of Veterans Affairs (VA),Executive Department,White House,,https://www.va.gov/,,
"Director of National Intelligence, Office of",Independent Agency,,,https://www.dni.gov/,,
"Disability Employment Policy, Office of (ODEP)",Executive Department Sub-Office/Agency/Bureau,U.S. Department of Labor,,https://www.dol.gov/odep/,,
Drug Enforcement Administration (DEA),Executive Department Sub-Office/Agency/Bureau,U.S. Department of Justice,,https://www.dea.gov/,,
Dwight D. Eisenhower School for National Security and Resource Strategy,Executive Department Sub-Office/Agency/Bureau,U.S. Department of Defense,National Defense University ,https://www.ndu.edu/Academics/CollegesCenters/TheEisenhowerSchool.aspx,,
"Economic Analysis, Bureau of (BEA)",Executive Department Sub-Office/Agency/Bureau,U.S. Department of Commerce,,https://www.bea.gov/,,
Economic Development Administration (EDA),Executive Department Sub-Office/Agency/Bureau,U.S. Department of Commerce,,https://www.eda.gov/,,
"Economic Growth, Energy, and the Environment",Executive Department Sub-Office/Agency/Bureau,U.S. Department of State ,,https://www.state.gov/bureaus-offices/under-secretary-for-economic-growth-energy-and-the-environment/,,
Economic Research Service,Executive Department Sub-Office/Agency/Bureau,U.S. Department of Agriculture,,https://www.ers.usda.gov/,,
Education Department (ED),Executive Department,White House,,https://www.ed.gov/,,
Elder Justice Initiative,Executive Department Sub-Office/Agency/Bureau,U.S. Department of Justice ,,https://www.justice.gov/elderjustice,,
Election Assistance Commission (EAC),Executive Department Sub-Office/Agency/Bureau,,,https://www.eac.gov/,,
"Elementary and Secondary Education, Office of",Executive Department Sub-Office/Agency/Bureau,U.S. Department of Education ,,https://oese.ed.gov/,,
Employee Benefits Security Administration (EBSA),Executive Department Sub-Office/Agency/Bureau,U.S. Department of Labor ,,https://www.dol.gov/agencies/ebsa,,
Employment and Training Administration,Executive Department Sub-Office/Agency/Bureau,U.S. Department of Labor ,,https://www.dol.gov/agencies/eta/,,
Endangered Species Program,"Independent Board, Commission, Committee",U.S. Department of the Interior,Fish and Wildlife Service ,https://www.fws.gov/endangered/,,
Energy Department (DOE),Executive Department ,White House,,https://www.energy.gov/,,
Energy Information Administration,Executive Department Sub-Office/Agency/Bureau,U.S. Department of Energy ,,https://www.eia.gov/,,
Energy Star Program,Executive Department Sub-Office/Agency/Bureau,Environmental Protection Agency ,,https://www.energystar.gov/,,
English Language Acquisition Office,Executive Department Sub-Office/Agency/Bureau,U.S. Department of Education ,,https://www2.ed.gov/about/offices/list/oela/index.html?src=oc,,
"Engraving and Printing, Bureau of (BEP)",Executive Department Sub-Office/Agency/Bureau,U.S. Department of the Treasury ,,https://www.moneyfactory.gov/,,
"Environmental Management, Office of",Executive Department Sub-Office/Agency/Bureau,U.S. Department of Energy ,,https://www.energy.gov/em/office-environmental-management,,
Environmental Protection Agency (EPA),Executive Department Sub-Office/Agency/Bureau,,,https://www.epa.gov/,,
Equal Employment Opportunity Commission (EEOC),Independent Agency,,,https://www.eeoc.gov/,,
European Command,Executive Department Sub-Office/Agency/Bureau,U.S. Department of Defense,Unified Combatant Commands ,https://www.eucom.mil/,,
Executive Office for Immigration Review,Executive Department Sub-Office/Agency/Bureau,U.S. Department of Justice ,,https://www.justice.gov/eoir,,
Export-Import Bank of the United States,Independent Agency,,,https://www.exim.gov/,,
Fair Housing and Equal Opportunity (FHEO),Executive Department Sub-Office/Agency/Bureau,U.S. Department of Housing and Urban Development ,,https://www.hud.gov/program_offices/fair_housing_equal_opp,,
Fannie Mae,Quasi-official,Federal Housing Finance Agency ,,https://www.fanniemae.com/portal/index.html,,
Farm Credit Administration,Independent Agency,,,https://www.fca.gov/,,
Farm Credit System Insurance Corporation,Executive Department Sub-Office/Agency/Bureau,,,https://www.fcsic.gov/,,
Farm Service Agency,Executive Department Sub-Office/Agency/Bureau,U.S. Department of Agriculture ,,https://www.fsa.usda.gov/,,
Federal Accounting Standards Advisory Board,Executive Department Sub-Office/Agency/Bureau,,,https://fasab.gov/,,
Federal Aviation Administration (FAA),Executive Department Sub-Office/Agency/Bureau,U.S. Department of Transportation ,,https://www.faa.gov/,,
Federal Bureau of Investigation (FBI),Executive Department Sub-Office/Agency/Bureau,U.S. Department of Justice ,,https://www.fbi.gov/,,
Federal Bureau of Prisons (BOP),Executive Department Sub-Office/Agency/Bureau,U.S. Department of Justice ,,https://www.bop.gov/,,
Federal Citizen Information Center,Executive Department Sub-Office/Agency/Bureau,General Services Administration,,https://www.usa.gov/explore,,
Federal Communications Commission (FCC),Independent Agency,,,https://www.fcc.gov/,,
Federal Consulting Group,Executive Department Sub-Office/Agency/Bureau,U.S. Department of the Interior ,,https://www.fcg.gov/,,
Federal Court Interpreters,Judicial ,Supreme Court of the United States ,,https://www.uscourts.gov/services-forms/federal-court-interpreters,,
Federal Deposit Insurance Corporation (FDIC),Independent Agency,,,https://www.fdic.gov/,,
Federal Election Commission,Independent Agency,,,https://www.fec.gov/,,
Federal Emergency Management Agency (FEMA),Executive Department Sub-Office/Agency/Bureau,U.S. Department of Homeland Security ,,https://www.fema.gov/,,
Federal Energy Regulatory Commission,Executive Department Sub-Office/Agency/Bureau,U.S. Department of Energy ,,https://www.ferc.gov/,,
Federal Executive Boards,Executive Department Sub-Office/Agency/Bureau,Office of Personnel Management ,,https://www.feb.gov/,,
Federal Financial Institutions Examination Council,"Independent Board, Commission, Committee",,,https://www.ffiec.gov/,,
Federal Financing Bank,"Independent Board, Commission, Committee",U.S. Department of the Treasury ,,https://ffb.treasury.gov/,,
Federal Geographic Data Committee,"Independent Board, Commission, Committee",,,https://www.fgdc.gov/,,
Federal Highway Administration (FHA),Executive Department Sub-Office/Agency/Bureau,U.S. Department of Transportation ,,https://highways.dot.gov/,,
Federal Home Loan Mortgage Corporation (Freddie Mac),Quasi-official,Federal Housing Finance Agency ,,http://www.freddiemac.com/,,
Federal Housing Administration (FHA),Executive Department Sub-Office/Agency/Bureau,U.S. Department of Housing and Urban Development ,Office of Housing ,https://www.hud.gov/federal_housing_administration,,
Federal Housing Finance Agency,Independent Agency,,,https://www.fhfa.gov/,,
Federal Interagency Committee on Education,"Independent Board, Commission, Committee",,,https://www2.ed.gov/about/bdscomm/list/com.html#fice,,
Federal Interagency Council on Statistical Policy,"Independent Board, Commission, Committee",,,https://nces.ed.gov/FCSM/index.asp,,
Federal Judicial Center,Judicial ,,,https://www.fjc.gov/,,
Federal Labor Relations Authority (FLRA),Independent Agency,,,https://www.flra.gov/,,
Federal Laboratory Consortium for Technology Transfer,"Independent Board, Commission, Committee",,,https://www.federallabs.org/,,
Federal Law Enforcement Training Center (FLETC),Executive Department Sub-Office/Agency/Bureau,U.S. Department of Homeland Security ,,https://www.fletc.gov/,,
Federal Library and Information Center Committee,"Independent Board, Commission, Committee",,,https://www.loc.gov/flicc/,,
Federal Maritime Commission,Independent Agency,,,https://www.fmc.gov/,,
Federal Mediation and Conciliation Service,Independent Agency,,,https://www.fmcs.gov/,,
Federal Mine Safety and Health Review Commission,Independent Agency,,,https://www.fmshrc.gov/,,
Federal Motor Carrier Safety Administration (FMCSA),Executive Department Sub-Office/Agency/Bureau,U.S. Department of Transportation ,,https://www.fmcsa.dot.gov/,,
Federal National Mortgage Association (Fannie Mae),Quasi-official,Federal Housing Finance Agency ,,https://www.fanniemae.com/portal/index.html,,
Federal Protective Service,Executive Department Sub-Office/Agency/Bureau,U.S. Department of Homeland Security ,,https://www.dhs.gov/topic/federal-protective-service,,
Federal Railroad Administration (FRA),Executive Department Sub-Office/Agency/Bureau,U.S. Department of Transportation ,,https://railroads.dot.gov/,,
Federal Register,Executive Department Sub-Office/Agency/Bureau,National Archives and Records Administration ,,https://www.archives.gov/federal-register,,
Federal Reserve System,Independent Agency,,,https://www.federalreserve.gov/,,
Federal Retirement Thrift Investment Board,Independent Agency,,,https://www.frtib.gov/,,
Federal Student Aid Information Center,Executive Department Sub-Office/Agency/Bureau,U.S. Department of Education ,,https://studentaid.gov/,,
Federal Trade Commission (FTC),Independent Agency,,,https://www.ftc.gov/,https://www.consumer.ftc.gov/,
Federal Transit Administration (FTA),Executive Department Sub-Office/Agency/Bureau,U.S. Department of Transportation ,,https://www.transit.dot.gov/,,
Federal Voting Assistance Program,Executive Department Sub-Office/Agency/Bureau,U.S. Department of Defense ,,https://www.fvap.gov/,,
FedStats,"Independent Board, Commission, Committee",,,https://nces.ed.gov/FCSM/index.asp,,
Fermi National Accelerator Laboratory,Executive Department Sub-Office/Agency/Bureau,U.S. Department of Energy,National Laboratories ,https://www.fnal.gov/,,
Fire Administration (USFA),Executive Department Sub-Office/Agency/Bureau,U.S. Department of Homeland Security,Federal Emergency Management Agency ,https://www.usfa.fema.gov/,,
"Fiscal Service, Bureau of the",Executive Department Sub-Office/Agency/Bureau,U.S. Department of the Treasury ,,https://www.fiscal.treasury.gov/,https://www.treasurydirect.gov/,
Fish and Wildlife Service (FWS),Executive Department Sub-Office/Agency/Bureau,U.S. Department of the Interior,,https://www.fws.gov/,,
Fleet Forces Command,Executive Department Sub-Office/Agency/Bureau,U.S. Department of Defense,,https://www.public.navy.mil/usff/Pages/default.aspx,,
"Food and Agriculture, National Institute of (NIFA)",Executive Department Sub-Office/Agency/Bureau,U.S. Department of Agriculture,,https://nifa.usda.gov/,,
Food and Drug Administration (FDA),Executive Department Sub-Office/Agency/Bureau,U.S. Department of Health and Human Services,,https://www.fda.gov/,,
Food and Nutrition Service,Executive Department Sub-Office/Agency/Bureau,U.S. Department of Agriculture,,https://www.fns.usda.gov/,,
Food Safety and Inspection Service,Executive Department Sub-Office/Agency/Bureau,U.S. Department of Agriculture,,https://www.fsis.usda.gov/wps/portal/fsis/home,,
Foreign Agricultural Service,Executive Department Sub-Office/Agency/Bureau,U.S. Department of Agriculture,,https://www.fas.usda.gov/,,
Foreign Claims Settlement Commission,Executive Department Sub-Office/Agency/Bureau,U.S. Department of Justice,,https://www.justice.gov/fcsc,,
Forest Service,Executive Department Sub-Office/Agency/Bureau,U.S. Department of Agriculture,,https://www.fs.usda.gov/,,
Fossil Energy,Executive Department Sub-Office/Agency/Bureau,U.S. Department of Energy ,,https://www.energy.gov/fe/office-fossil-energy,,
Freddie Mac,Quasi-official,Federal Housing Finance Agency,,http://www.freddiemac.com/,,
Frederick National Laboratory for Cancer Research,Executive Department Sub-Office/Agency/Bureau,U.S. Department of Energy,National Laboratories ,https://frederick.cancer.gov/,,
Fulbright Foreign Scholarship Board,"Independent Board, Commission, Committee",U.S. Department of State ,,https://eca.state.gov/fulbright/about-fulbright/j-william-fulbright-foreign-scholarship-board-ffsb,,
General Services Administration (GSA),Independent Agency,,,https://www.gsa.gov/,,
Geological Survey (USGS),Executive Department Sub-Office/Agency/Bureau,U.S. Department of the Interior ,,https://www.usgs.gov/,,
Ginnie Mae,Executive Department Sub-Office/Agency/Bureau,U.S. Department of Housing and Urban Development ,,https://www.ginniemae.gov/pages/default.aspx,,
"Global Media, Agency for",Independent Agency,,,https://www.usagm.gov/,,
Government Accountability Office (GAO),Legislative,U.S. House of Representatives ,,https://www.gao.gov/,,
"Government Ethics, Office of (OGE)",Independent Agency,,,https://www.oge.gov/,,
Government National Mortgage Association (Ginnie Mae),Executive Department Sub-Office/Agency/Bureau,U.S. Department of Housing and Urban Development ,,https://www.ginniemae.gov/pages/default.aspx,,
Government Publishing Office (GPO),Legislative,U.S. House of Representatives ,,https://www.gpo.gov/,,
"Grain Inspection, Packers and Stockyards Administration",Executive Department Sub-Office/Agency/Bureau,U.S. Department of Agriculture,Marketing and Regulatory Programs,https://www.gipsa.usda.gov/,,
Harry S. Truman Scholarship Foundation,"Independent Board, Commission, Committee",,,https://www.truman.gov/,,
Health and Human Services Department (HHS),Executive Department,White House,,https://www.hhs.gov/,,
Health Resources and Services Administration,Executive Department Sub-Office/Agency/Bureau,U.S. Department of Health and Human Services,,https://www.hrsa.gov/,,
Helsinki Commission,Independent Agency,,,https://www.csce.gov/,,
Holocaust Memorial Museum,Executive Department Sub-Office/Agency/Bureau,,,https://www.ushmm.org/,,
Homeland Security Department (DHS),Executive Department,White House,,https://www.dhs.gov/,,
Hour and Wage Division (WHD),Executive Department Sub-Office/Agency/Bureau,U.S. Department of Labor ,,https://www.dol.gov/agencies/whd,,
House of Representatives,Legislative,,,https://www.house.gov/,,
House Office of Inspector General,Legislative,U.S. House of Representatives ,,https://www.house.gov/the-house-explained/officers-and-organizations/inspector-general,,
House Office of the Clerk,Legislative,U.S. House of Representatives ,,http://clerk.house.gov/,,
"Housing and Urban Development, Department of (HUD)",Executive Department,White House,,https://www.hud.gov/,,
Housing Office,Executive Department Sub-Office/Agency/Bureau,U.S. Department of Housing and Urban Development ,,https://www.hud.gov/program_offices/housing,,
Idaho National Laboratory,Executive Department Sub-Office/Agency/Bureau,U.S. Department of Energy,National Laboratories ,https://inl.gov/,,
Immigrant and Employee Rights Section (IER),Executive Department Sub-Office/Agency/Bureau,U.S. Department of Justice ,,https://www.justice.gov/crt/immigrant-and-employee-rights-section,,
Immigration and Citizenship Services (USCIS),Executive Department Sub-Office/Agency/Bureau,U.S. Department of Homeland Security ,,https://www.uscis.gov/,,
Immigration and Customs Enforcement (ICE),Executive Department Sub-Office/Agency/Bureau,U.S. Department of Homeland Security ,,https://www.ice.gov/,,
Indian Affairs,Executive Department Sub-Office/Agency/Bureau,U.S. Department of the Interior ,,https://www.bia.gov/,,
Indian Arts and Crafts Board,"Independent Board, Commission, Committee",U.S. Department of the Interior ,,https://www.doi.gov/iacb/,,
Indian Health Service,Executive Department Sub-Office/Agency/Bureau,U.S. Department of Health and Human Services ,,https://www.ihs.gov/,,
Indoor Air Quality (IAQ),Executive Department Sub-Office/Agency/Bureau,Environmental Protection Agency ,,https://www.epa.gov/indoor-air-quality-iaq,,
Industrial College of the Armed Forces,Executive Department Sub-Office/Agency/Bureau,U.S. Department of Defense,National Defense University ,https://www.ndu.edu/Academics/CollegesCenters/TheEisenhowerSchool.aspx,,
"Industry and Security, Bureau of (BIS)",Executive Department Sub-Office/Agency/Bureau,U.S. Department of Commerce ,,https://www.bis.doc.gov/,,
Information Resource Management College,Executive Department Sub-Office/Agency/Bureau,U.S. Department of Defense,National Defense University ,https://cic.ndu.edu/,,
Innovation and Improvement Office,Executive Department Sub-Office/Agency/Bureau,U.S. Department of Education ,,https://oese.ed.gov/,,
Inspectors General,"Independent Board, Commission, Committee",,,https://www.ignet.gov/,,
Institute of Education Sciences,Executive Department Sub-Office/Agency/Bureau,U.S. Department of Education ,,https://www2.ed.gov/about/offices/list/ies/index.html,,
Institute of Museum and Library Services,Independent Agency,,,https://www.imls.gov/,,
Institute of Peace,Quasi-official,,,https://www.usip.org/,,
Inter-American Foundation,Independent Agency,,,https://www.iaf.gov/,,
Interagency Alternative Dispute Resolution Working Group,"Independent Board, Commission, Committee",,,https://www.adr.gov/index.html,,
Interagency Committee for the Management of Noxious and Exotic Weeds,"Independent Board, Commission, Committee",,,https://www.fs.fed.us/ficmnew/index.shtml,,
Interagency Council on Homelessness,"Independent Board, Commission, Committee",,,https://www.usich.gov/,,
Interior Department (DOI),Executive Department,White House,,https://www.doi.gov/,,
Internal Revenue Service (IRS),Executive Department Sub-Office/Agency/Bureau,U.S. Department of the Treasury ,,https://www.irs.gov/,,
"International Labor Affairs, Bureau of",Executive Department Sub-Office/Agency/Bureau,U.S. Department of Labor ,,https://www.dol.gov/agencies/ilab,,
International Trade Administration (ITA),Executive Department Sub-Office/Agency/Bureau,U.S. Department of Commerce,,https://www.trade.gov/,,
International Trade Commission,Independent Agency,,,https://www.usitc.gov/,,
Interpol,Executive Department Sub-Office/Agency/Bureau,U.S. Department of Justice ,,https://www.justice.gov/interpol-washington,,
James Madison Memorial Fellowship Foundation,"Independent Board, Commission, Committee",,,https://www.jamesmadison.gov/,,
Japan-United States Friendship Commission,"Independent Board, Commission, Committee",,,https://www.jusfc.gov/,,
Job Corps,Executive Department Sub-Office/Agency/Bureau,U.S. Department of Labor ,,https://www.jobcorps.gov/,,
John F. Kennedy Center for the Performing Arts,Quasi-official,,,https://www.kennedy-center.org/,,
Joint Board for the Enrollment of Actuaries,Executive Department Sub-Office/Agency/Bureau,,,https://www.irs.gov/tax-professionals/enrolled-actuaries,,
Joint Chiefs of Staff,Executive Department Sub-Office/Agency/Bureau,U.S. Department of Defense ,,https://www.jcs.mil/,,
Joint Congressional Committee on Inaugural Ceremonies,Legislative,,,https://www.inaugural.senate.gov/,,
Joint Fire Science Program,Executive Department Sub-Office/Agency/Bureau,,,https://www.firescience.gov/,,
Joint Forces Staff College,Executive Department Sub-Office/Agency/Bureau,U.S. Department of Defense,National Defense University ,https://jfsc.ndu.edu/,,
Joint Military Intelligence College,Executive Department Sub-Office/Agency/Bureau,U.S. Department of Defense,Defense Intelligence Agency,https://ni-u.edu/wp/,,
Joint Program Executive Office for Chemical and Biological Defense,Executive Department Sub-Office/Agency/Bureau,U.S. Department of Defense,U.S. Army,https://www.jpeocbrnd.osd.mil/,,
Judicial Circuit Courts of Appeal,Judicial ,,,https://www.uscourts.gov/about-federal-courts,,
Judicial Panel on Multidistrict Litigation,Judicial ,,,https://www.jpml.uscourts.gov/,,
Justice Department (DOJ),Executive Department ,White House,,https://www.justice.gov/,,
"Justice Programs, Office of",Executive Department Sub-Office/Agency/Bureau,U.S. Department of Justice,,https://www.ojp.gov/,,
"Justice Statistics, Bureau of",Executive Department Sub-Office/Agency/Bureau,U.S. Department of Justice,Office of Justice Programs,https://www.bjs.gov/,,
"Juvenile Justice and Delinquency Prevention, Office of",Executive Department Sub-Office/Agency/Bureau,U.S. Department of Justice,Office of Justice Programs,https://ojjdp.ojp.gov/,,
Kennedy Center,Quasi-official,,,https://www.kennedy-center.org/,,
Labor Department (DOL),Executive Department,White House,,https://www.dol.gov/,,
"Labor Statistics, Bureau of",Executive Department Sub-Office/Agency/Bureau,U.S. Department of Labor ,,https://stats.bls.gov/,,
"Land Management, Bureau of (BLM)",Executive Department Sub-Office/Agency/Bureau,U.S. Department of the Interior ,,https://www.blm.gov/,,
Legal Services Corporation,Quasi-official,,,https://www.lsc.gov/,,
Lawrence Berkeley National Laboratory,Executive Department Sub-Office/Agency/Bureau,U.S. Department of Energy,National Laboratories ,https://www.lbl.gov/,,
Lawrence Livermore National Laboratory,Executive Department Sub-Office/Agency/Bureau,U.S. Department of Energy,National Laboratories ,https://www.llnl.gov/,,
Library of Congress (LOC),Legislative,U.S. House of Representatives,,https://www.loc.gov/,,
Los Alamos National Laboratory,Executive Department Sub-Office/Agency/Bureau,U.S. Department of Energy,National Laboratories ,https://www.lanl.gov/,,
"Manufactured Housing Programs, Office of",Executive Department Sub-Office/Agency/Bureau,U.S. Department of Housing and Urban Development ,,https://www.hud.gov/program_offices/housing/rmra/mhs/mhshome,,
Marine Corps,Executive Department Sub-Office/Agency/Bureau,U.S. Department of Defense,U.S. Navy,https://www.marines.mil/,,
Marine Mammal Commission,"Independent Board, Commission, Committee",,,https://www.mmc.gov/,,
Maritime Administration (MARAD),Executive Department Sub-Office/Agency/Bureau,U.S. Department of Transportation ,,https://www.maritime.dot.gov/,,
Marketing and Regulatory Programs,Executive Department Sub-Office/Agency/Bureau,U.S. Department of Agriculture,,https://www.aphis.usda.gov/aphis/ourfocus/business-services,,
Marshals Service,Executive Department Sub-Office/Agency/Bureau,U.S. Department of Justice,,https://www.usmarshals.gov//,,
Meat and Poultry Hotline,Executive Department Sub-Office/Agency/Bureau,,,https://www.fsis.usda.gov/wps/portal/fsis/home,,
Mediation and Conciliation Service,Independent Agency,,,https://www.fmcs.gov/,,
Medicaid (CMS),Executive Department Sub-Office/Agency/Bureau,U.S. Department of Health and Human Services ,,https://www.cms.gov/,,
Medicaid and CHIP Payment and Access Commission,Legislative,,,https://www.macpac.gov/,,
Medicare (CMS),Executive Department Sub-Office/Agency/Bureau,U.S. Department of Health and Human Services ,,https://www.cms.gov/,,
Medicare Payment Advisory Commission,Legislative,,,http://www.medpac.gov/,,
Merit Systems Protection Board,Independent Agency,,,https://www.mspb.gov/,,
Middle East Broadcasting Networks,Executive Department Sub-Office/Agency/Bureau,U.S. Agency for Global Media,,https://www.alhurra.com/,https://www.radiosawa.com/,
Migratory Bird Conservation Commission,"Independent Board, Commission, Committee",U.S. Department of the Interior,Fish and Wildlife Service ,https://www.fws.gov/refuges/realty/mbcc.html,,
Military Postal Service Agency,Executive Department Sub-Office/Agency/Bureau,U.S. Postal Service,,https://www.hrc.army.mil/content/Military%20Postal%20Service%20Agency%20(MPSA),,
Millennium Challenge Corporation,Independent Agency,,,https://www.mcc.gov/,,
Mine Safety and Health Administration (MSHA),Executive Department Sub-Office/Agency/Bureau,U.S. Department of Labor ,,https://www.msha.gov/,,
Minority Business Development Agency,Executive Department Sub-Office/Agency/Bureau,U.S. Department of Commerce ,,https://www.mbda.gov/,,
"Minority Health, Office of",Executive Department Sub-Office/Agency/Bureau,U.S. Department of Health and Human Services ,,https://minorityhealth.hhs.gov/,,
Mint,Executive Department Sub-Office/Agency/Bureau,U.S. Department of the Treasury ,,https://www.usmint.gov/,,
Missile Defense Agency (MDA),Executive Department Sub-Office/Agency/Bureau,U.S. Department of Defense ,,https://www.mda.mil/,,
Mississippi River Commission,"Independent Board, Commission, Committee",,,https://www.mvd.usace.army.mil/About/Mississippi-River-Commission-MRC/,,
Morris K. Udall and Stewart L. Udall Foundation,"Independent Board, Commission, Committee",,,https://www.udall.gov/,,
Multifamily Housing Office,Executive Department Sub-Office/Agency/Bureau,U.S. Department of Housing and Urban Development ,,https://www.hud.gov/program_offices/housing/mfh,,
National Aeronautics and Space Administration (NASA),Independent Agency,,,https://www.nasa.gov/,,
National Agricultural Statistics Service,Executive Department Sub-Office/Agency/Bureau,U.S. Department of Agriculture ,,https://www.nass.usda.gov/,,
National Archives and Records Administration (NARA),Independent Agency,,,https://www.archives.gov/,,
National Cancer Institute (NCI),Executive Department Sub-Office/Agency/Bureau,U.S. Department of Health and Human Services ,,https://www.cancer.gov/,,
National Capital Planning Commission,Independent Agency,,,https://www.ncpc.gov/,,
National Cemetery Administration,Executive Department Sub-Office/Agency/Bureau,U.S. Department of Veterans Affairs ,,https://www.cem.va.gov/,,
National Constitution Center,Quasi-official,,,https://constitutioncenter.org/,,
National Council on Disability,"Independent Board, Commission, Committee",,,https://ncd.gov/,,
National Credit Union Administration (NCUA),Independent Agency,,,https://www.ncua.gov/,,
National Defense University,Executive Department Sub-Office/Agency/Bureau,U.S. Department of Defense,,https://www.ndu.edu/,,
National Defense University iCollege,Executive Department Sub-Office/Agency/Bureau,U.S. Department of Defense,National Defense University,https://cic.ndu.edu/,,
National Endowment for the Arts (NEA),Independent Agency,,,https://www.arts.gov/,,
National Endowment for the Humanities,Independent Agency,,,https://www.neh.gov/,,
National Energy Technology Laboratory,Executive Department Sub-Office/Agency/Bureau,U.S. Department of Energy,National Laboratories ,https://www.netl.doe.gov/,,
National Flood Insurance Program (NFIP),Executive Department Sub-Office/Agency/Bureau,U.S. Department of Homeland Security,Federal Emergency Management Agency ,https://www.floodsmart.gov/,,
National Gallery of Art,Quasi-official,,,https://www.nga.gov/,,
National Geospatial-Intelligence Agency,Executive Department Sub-Office/Agency/Bureau,U.S. Department of Defense ,,https://www.nga.mil/Pages/Default.aspx,,
National Guard,Executive Department Sub-Office/Agency/Bureau,U.S. Department of Defense,U.S. Army,https://www.nationalguard.mil/,https://www.nationalguard.com/,https://www.goang.com/
National Health Information Center (NHIC),Executive Department Sub-Office/Agency/Bureau,U.S. Department of Health and Human Services ,,https://health.gov/our-work/health-literacy/resources/national-health-information-center,,
"National Heart, Lung, and Blood Institute (NHLBI)",Executive Department Sub-Office/Agency/Bureau,U.S. Department of Health and Human Services,National Institutes of Health ,https://www.nhlbi.nih.gov/,,
National Highway Traffic Safety Administration (NHTSA),Executive Department Sub-Office/Agency/Bureau,U.S. Department of Transportation ,,https://www.nhtsa.gov/,,
National Indian Gaming Commission,Executive Department Sub-Office/Agency/Bureau,,,https://www.nigc.gov/,,
"National Institute of Arthritis, Musculoskeletal and Skin Diseases",Executive Department Sub-Office/Agency/Bureau,U.S. Department of Health and Human Services,National Institutes of Health ,https://www.niams.nih.gov/,,
National Institute of Corrections,Executive Department Sub-Office/Agency/Bureau,U.S. Department of Justice,Bureau of Prisons ,https://nicic.gov/,,
National Institute of Deafness and Other Communication Disorders (NIDCD),Executive Department Sub-Office/Agency/Bureau,U.S. Department of Health and Human Services,National Institutes of Health ,https://www.nidcd.nih.gov/,,
National Institute of Diabetes and Digestive and Kidney Diseases (NIDDK),Executive Department Sub-Office/Agency/Bureau,U.S. Department of Health and Human Services,National Institutes of Health ,https://www.niddk.nih.gov/,,
National Institute of Food and Agriculture (NIFA),Executive Department Sub-Office/Agency/Bureau,U.S. Department of Agriculture ,,https://nifa.usda.gov/,,
National Institute of Justice,Executive Department Sub-Office/Agency/Bureau,U.S. Department of Justice,Office of Justice Programs ,https://nij.ojp.gov/contact,,
National Institute of Mental Health (NIMH),Executive Department Sub-Office/Agency/Bureau,U.S. Department of Health and Human Services,National Institutes of Health ,https://www.nimh.nih.gov/index.shtml,,
National Institute of Neurological Disorders and Stroke (NINDS),Executive Department Sub-Office/Agency/Bureau,U.S. Department of Health and Human Services,National Institutes of Health ,https://www.ninds.nih.gov/,,
National Institute of Occupational Safety and Health (NIOSH),Executive Department Sub-Office/Agency/Bureau,U.S. Department of Health and Human Services,Centers for Disease Control and Prevention ,https://www.cdc.gov/niosh/,,
National Institute of Standards and Technology (NIST),Executive Department Sub-Office/Agency/Bureau,U.S. Department of Commerce,,https://www.nist.gov/,,
National Institutes of Health (NIH),Executive Department Sub-Office/Agency/Bureau,U.S. Department of Health and Human Services,,https://www.nih.gov/,,
National Intelligence University,Executive Department Sub-Office/Agency/Bureau,Defense Intelligence Agency ,,https://ni-u.edu/wp/,,
National Interagency Fire Center,Executive Department Sub-Office/Agency/Bureau,,,https://www.nifc.gov/,,
National Labor Relations Board (NLRB),Independent Agency,,,https://www.nlrb.gov/,,
National Laboratories,Executive Department Sub-Office/Agency/Bureau,U.S. Department of Energy ,,https://www.energy.gov/national-laboratories,,
National Library of Agriculture,Executive Department Sub-Office/Agency/Bureau,U.S. Department of Agriculture ,,https://www.nal.usda.gov/main/,,
National Marine Fisheries Service,Executive Department Sub-Office/Agency/Bureau,U.S. Department of Commerce,National Oceanic and Atmospheric Administration ,https://www.fisheries.noaa.gov/,,
National Mediation Board,Independent Agency,,,https://nmb.gov/NMB_Application/,,
National Nuclear Security Administration,Executive Department Sub-Office/Agency/Bureau,U.S. Department of Energy ,,https://www.energy.gov/nnsa/national-nuclear-security-administration,,
National Ocean Service,Executive Department Sub-Office/Agency/Bureau,U.S. Department of Commerce,National Oceanic and Atmospheric Administration ,https://oceanservice.noaa.gov/,,
National Oceanic and Atmospheric Administration (NOAA),Executive Department Sub-Office/Agency/Bureau,U.S. Department of Commerce,,https://www.noaa.gov/,,
National Park Foundation,"Independent Board, Commission, Committee",,,https://www.nationalparks.org/,,
National Park Service (NPS),Executive Department Sub-Office/Agency/Bureau,U.S. Department of the Interior ,,https://www.nps.gov/index.htm,,
National Passport Information Center (NPIC),Executive Department Sub-Office/Agency/Bureau,U.S. Department of State,Bureau of Consular Affairs ,https://travel.state.gov/content/travel/en/contact-us/passports.html,,
National Pesticide Information Center,Executive Department Sub-Office/Agency/Bureau,Environmental Protection Agency ,,http://npic.orst.edu/,,
National Prevention Information Network,Executive Department Sub-Office/Agency/Bureau,U.S. Department of Health and Human Services,Centers for Disease Control and Prevention ,https://npin.cdc.gov/,,
National Railroad Passenger Corporation (AMTRAK),Independent Agency,,,https://www.amtrak.com/home.html,,
National Reconnaissance Office,Executive Department Sub-Office/Agency/Bureau,U.S. Department of Defense ,,https://www.nro.gov/,,
National Renewable Energy Laboratory,Executive Department Sub-Office/Agency/Bureau,U.S. Department of Energy,National Laboratories ,https://www.nrel.gov/,,
National Science Foundation (NSF),Independent Agency,,,https://www.nsf.gov/,,
National Security Agency (NSA),Executive Department Sub-Office/Agency/Bureau,U.S. Department of Defense ,,https://www.nsa.gov/,,
National Security Council (NSC),Executive Office of the President,White House,,https://www.whitehouse.gov/nsc/,,
National Technical Information Service,Executive Department Sub-Office/Agency/Bureau,U.S. Department of Commerce ,,https://www.ntis.gov/,,
National Telecommunications and Information Administration,Executive Department Sub-Office/Agency/Bureau,U.S. Department of Commerce ,,https://www.ntia.doc.gov/,,
National Transportation Safety Board (NTSB),Independent Agency,,,https://www.ntsb.gov/Pages/default.aspx,,
National War College,Executive Department Sub-Office/Agency/Bureau,U.S. Department of Defense,National Defense University ,https://www.ndu.edu/Academics/CollegesCenters/NationalWarCollege.aspx,,
National Weather Service,Executive Department Sub-Office/Agency/Bureau,U.S. Department of Commerce,National Oceanic and Atmospheric Administration ,https://www.weather.gov/,,
Natural Resources Conservation Service,Executive Department Sub-Office/Agency/Bureau,U.S. Department of Agriculture,,https://www.nrcs.usda.gov/wps/portal/nrcs/site/national/home/,,
"Natural Resources Revenue, Office of",Executive Department Sub-Office/Agency/Bureau,U.S. Department of the Interior,,https://www.onrr.gov/,,
Navy,Executive Department Sub-Office/Agency/Bureau,U.S. Department of Defense ,,https://www.navy.mil/,,
NOAA Fisheries,Executive Department Sub-Office/Agency/Bureau,U.S. Department of Commerce,National Oceanic and Atmospheric Administration ,https://www.fisheries.noaa.gov/,,
Northern Border Regional Commission,"Independent Board, Commission, Committee",,,http://www.nbrc.gov/,,
Northern Command,Executive Department Sub-Office/Agency/Bureau,U.S. Department of Defense,Unified Combatant Commands ,https://www.northcom.mil/,,
Northwest Power and Conservation Council,"Independent Board, Commission, Committee",,,https://www.nwcouncil.org/,,
Northwest Power Planning Council,"Independent Board, Commission, Committee",,,https://www.nwcouncil.org/,,
"Nuclear Energy, Office of",Executive Department Sub-Office/Agency/Bureau,U.S. Department of Energy ,,https://www.energy.gov/ne/office-nuclear-energy,,
Nuclear Regulatory Commission (NRC),Independent Agency,,,https://www.nrc.gov/,,
Nuclear Waste Technical Review Board,"Independent Board, Commission, Committee",,,https://www.nwtrb.gov/,,
Oak Ridge National Laboratory,Executive Department Sub-Office/Agency/Bureau,U.S. Department of Energy,National Laboratories ,https://www.ornl.gov/,,
Occupational Safety and Health Administration (OSHA),Executive Department Sub-Office/Agency/Bureau,U.S. Department of Labor ,,https://www.osha.gov/,,
Occupational Safety and Health Review Commission,Independent Agency,,,https://www.oshrc.gov/,,
"Ocean Energy Management, Bureau of",Executive Department Sub-Office/Agency/Bureau,U.S. Department of the Interior ,,https://www.boem.gov/,,
"Office for Civil Rights, Department of Education",Executive Department Sub-Office/Agency/Bureau,U.S. Department of Education ,,https://www2.ed.gov/about/offices/list/ocr/index.html,,
"Office for Civil Rights, Department of Health and Human Services",Executive Department Sub-Office/Agency/Bureau,U.S. Department of Health and Human Services,,https://www.hhs.gov/ocr/index.html,,
"Office of Career, Technical, and Adult Education",Executive Department Sub-Office/Agency/Bureau,U.S. Department of Education ,,https://www2.ed.gov/about/offices/list/ovae/index.html,,
Office of Child Support Enforcement (OCSE),Executive Department Sub-Office/Agency/Bureau,U.S. Department of Health and Human Services,Administration for Children and Families ,https://www.acf.hhs.gov/css,,
Office of Community Planning and Development,Executive Department Sub-Office/Agency/Bureau,U.S. Department of Housing and Urban Development ,,https://www.hud.gov/program_offices/comm_planning,,
Office of Compliance,Legislative,U.S. House of Representatives ,,https://www.ocwr.gov/,,
Office of Cuba Broadcasting,Executive Department Sub-Office/Agency/Bureau,U.S. Agency for Global Media,,https://www.radiotelevisionmarti.com/,,
Office of Disability Employment Policy (ODEP),Executive Department Sub-Office/Agency/Bureau,U.S. Department of Labor,,https://www.dol.gov/odep/,,
Office of Economic Adjustment,Executive Department Sub-Office/Agency/Bureau,U.S. Department of Defense ,,https://oea.gov/,,
Office of Elementary and Secondary Education,Executive Department Sub-Office/Agency/Bureau,U.S. Department of Education ,,https://oese.ed.gov/,,
Office of Environmental Management,Executive Department Sub-Office/Agency/Bureau,U.S. Department of Energy,,https://www.energy.gov/em/office-environmental-management,,
Office of Fair Housing and Equal Opportunity (FHEO),Executive Department Sub-Office/Agency/Bureau,U.S. Department of Housing and Urban Development ,,https://www.hud.gov/program_offices/fair_housing_equal_opp,,
Office of Fossil Energy,Executive Department Sub-Office/Agency/Bureau,U.S. Department of Energy ,,https://www.energy.gov/fe/office-fossil-energy,,
Office of Government Ethics (OGE),Independent Agency,,,https://www.oge.gov/,,
Office of Housing,Executive Department Sub-Office/Agency/Bureau,U.S. Department of Housing and Urban Development ,,https://www.hud.gov/program_offices/housing,,
Office of Immigrant and Employee Rights (IER),Executive Department Sub-Office/Agency/Bureau,U.S. Department of Justice ,,https://www.justice.gov/crt/immigrant-and-employee-rights-section,,
Office of Investor Education and Advocacy,Executive Department Sub-Office/Agency/Bureau,Securities and Exchange Commission ,,https://www.investor.gov/,,
Office of Justice Programs,Executive Department Sub-Office/Agency/Bureau,U.S. Department of Justice ,,https://www.ojp.gov/,,
Office of Juvenile Justice and Delinquency Prevention,Executive Department Sub-Office/Agency/Bureau,U.S. Department of Justice ,Office of Justice Programs ,https://ojjdp.ojp.gov/,,
Office of Lead Hazard Control and Healthy Homes,Executive Department Sub-Office/Agency/Bureau,U.S. Department of Housing and Urban Development ,,https://www.hud.gov/program_offices/healthy_homes,,
Office of Management and Budget (OMB),Executive Office of the President,White House,,https://www.whitehouse.gov/omb/,,
Office of Manufactured Housing Programs,Executive Department Sub-Office/Agency/Bureau,U.S. Department of Housing and Urban Development ,,https://www.hud.gov/program_offices/housing/rmra/mhs/mhshome,,
Office of Minority Health,Executive Department Sub-Office/Agency/Bureau,U.S. Department of Health and Human Services ,,https://minorityhealth.hhs.gov/,,
Office of National Drug Control Policy (ONDCP),Executive Office of the President,White House,,https://www.whitehouse.gov/ondcp/,,
Office of Natural Resources Revenue,Executive Department Sub-Office/Agency/Bureau,U.S. Department of the Interior ,,https://www.onrr.gov/,,
Office of Nuclear Energy,Executive Department Sub-Office/Agency/Bureau,U.S. Department of Energy ,,https://www.energy.gov/ne/office-nuclear-energy,,
Office of Personnel Management (OPM),Independent Agency,,,https://www.opm.gov/,,
Office of Policy Development and Research,Executive Department Sub-Office/Agency/Bureau,U.S. Department of Housing and Urban Development ,,https://www.huduser.gov/portal/home.html,,
Office of Postsecondary Education,Executive Department Sub-Office/Agency/Bureau,U.S. Department of Education ,,https://www2.ed.gov/about/offices/list/ope/index.html,,
Office of Refugee Resettlement,Executive Department Sub-Office/Agency/Bureau,U.S. Department of Health and Human Services,Administration for Children and Families ,https://www.acf.hhs.gov/orr,,
Office of Science and Technology Policy,Executive Office of the President,White House,,https://www.whitehouse.gov/ostp/,,
Office of Scientific and Technical Information,Executive Department Sub-Office/Agency/Bureau,U.S. Department of Energy,Science Office,https://www.osti.gov/,,
Office of Servicemember Affairs,Executive Department Sub-Office/Agency/Bureau,Consumer Financial Protection Bureau,,https://www.consumerfinance.gov/practitioner-resources/servicemembers/,,
Office of Special Counsel,Independent Agency,,,https://osc.gov/,,
Office of Special Education and Rehabilitative Services (OSERS),Executive Department Sub-Office/Agency/Bureau,U.S. Department of Education ,,https://www2.ed.gov/about/offices/list/osers/index.html,,
"Office of Surface Mining, Reclamation and Enforcement",Executive Department Sub-Office/Agency/Bureau,U.S. Department of the Interior ,,https://www.osmre.gov/,,
Office of the Assistant Secretary for Research and Technology,Executive Department Sub-Office/Agency/Bureau,U.S. Department of Transportation ,,https://www.transportation.gov/administrations/research-and-technology,,
Office of the Comptroller of the Currency (OCC),Executive Department Sub-Office/Agency/Bureau,U.S. Department of the Treasury ,,https://www.occ.gov/,,
Office of the Director of National Intelligence,Independent Agency,,,https://www.dni.gov/,,
Office of the Federal Register,Executive Department Sub-Office/Agency/Bureau,National Archives and Records Administration ,,https://www.archives.gov/federal-register,,
Office of the Pardon Attorney,Executive Department Sub-Office/Agency/Bureau,U.S. Department of Justice ,,https://www.justice.gov/pardon,,
Office on Violence Against Women (OVW),Executive Department Sub-Office/Agency/Bureau,U.S. Department of Justice ,,https://www.justice.gov/ovw,,
Open World Leadership Center,Legislative,U.S. House of Representatives ,,https://www.openworld.gov/,,
Pacific Command,Executive Department Sub-Office/Agency/Bureau,U.S. Department of Defense,Unified Combatant Commands ,https://www.pacom.mil/,,
Pacific Northwest Electric Power and Conservation Planning Council,"Independent Board, Commission, Committee",,,https://www.nwcouncil.org/,,
Pacific Northwest National Laboratory,Executive Department Sub-Office/Agency/Bureau,U.S. Department of Energy,National Laboratories ,https://www.pnnl.gov/,,
"Pardon Attorney, Office of",Executive Department Sub-Office/Agency/Bureau,U.S. Department of Justice ,,https://www.justice.gov/pardon,,
Parent Information and Resources Center (CPIR),Executive Department Sub-Office/Agency/Bureau,U.S. Department of Education ,Office of Special Education and Rehabilitative Services ,https://www.parentcenterhub.org/,,
Parole Commission,Executive Department Sub-Office/Agency/Bureau,U.S. Department of Justice ,,https://www.justice.gov/uspc,,
Patent and Trademark Office,Executive Department Sub-Office/Agency/Bureau,U.S. Department of Commerce ,,https://www.uspto.gov/,,
Peace Corps,Independent Agency,,,https://www.peacecorps.gov/,,
Pension Benefit Guaranty Corporation (PBGC),Independent Agency,,,https://www.pbgc.gov/,,
Pentagon Force Protection Agency,Executive Department Sub-Office/Agency/Bureau,U.S. Department of Defense ,,https://www.pfpa.mil/,,
Pipeline and Hazardous Materials Safety Administration,Executive Department Sub-Office/Agency/Bureau,U.S. Department of Transportation,,https://www.phmsa.dot.gov/,,
Policy Development and Research,Executive Department Sub-Office/Agency/Bureau,U.S. Department of Housing and Urban Development ,,https://www.huduser.gov/portal/home.html,,
Political Affairs,Executive Department Sub-Office/Agency/Bureau,U.S. Department of State ,,https://www.state.gov/bureaus-offices/under-secretary-for-political-affairs/,,
Postal Inspection Service,Executive Department Sub-Office/Agency/Bureau,U.S. Postal Service ,,https://www.uspis.gov/,,
Postal Regulatory Commission,Independent Agency,,,https://www.prc.gov/,,
Postal Service (USPS),Independent Agency,,,https://www.usps.com/,,
"Postsecondary Education, Office of",Executive Department Sub-Office/Agency/Bureau,U.S. Department of Education ,,https://www2.ed.gov/about/offices/list/ope/index.html,,
Power Administrations,Executive Department Sub-Office/Agency/Bureau,U.S. Department of Energy,,https://www.energy.gov/offices,,
"President's Council on Fitness, Sports and Nutrition",Executive Department Sub-Office/Agency/Bureau,U.S. Department of Health and Human Services ,,https://www.hhs.gov/fitness/index.html,,
Presidential Scholars Commission,Executive Department Sub-Office/Agency/Bureau,U.S. Department of Education ,,https://www2.ed.gov/programs/psp/commission.html?exp=0,,
Presidio Trust,"Independent Board, Commission, Committee",,,https://www.presidio.gov/,,
Pretrial Services Agency for the District of Columbia,Executive Department Sub-Office/Agency/Bureau,Court Services and Offender Supervision Agency for the District of Columbia ,,https://www.psa.gov/,,
Prevention Information Network,Executive Department Sub-Office/Agency/Bureau,U.S. Department of Health and Human Services,Centers for Disease Control and Prevention ,https://npin.cdc.gov/,,
Princeton Plasma Physics Laboratory,Executive Department Sub-Office/Agency/Bureau,U.S. Department of Energy,National Laboratories ,https://www.pppl.gov/,,
Prisoner of War and Missing in Action Accounting Agency,Executive Department Sub-Office/Agency/Bureau,U.S. Department of Defense ,,https://www.dpaa.mil//,,
Privacy and Civil Liberties Oversight Board (PCLOB),Independent Agency,,,https://www.pclob.gov/,,
Public and Indian Housing,Executive Department Sub-Office/Agency/Bureau,U.S. Department of Housing and Urban Development ,,https://www.hud.gov/program_offices/public_indian_housing,,
Public Diplomacy and Public Affairs,Executive Department Sub-Office/Agency/Bureau,U.S. Department of State ,,https://www.state.gov/bureaus-offices/under-secretary-for-public-diplomacy-and-public-affairs/,,
Radio and TV Martí,Executive Department Sub-Office/Agency/Bureau,U.S. Agency for Global Media ,,https://www.radiotelevisionmarti.com/,,
Radio Free Asia (RFA),Executive Department Sub-Office/Agency/Bureau,U.S. Agency for Global Media ,,https://www.rfa.org/english/,,
Radio Free Europe and Radio Liberty (RFE/RL),Executive Department Sub-Office/Agency/Bureau,U.S. Agency for Global Media ,,https://www.rferl.org/,,
Radio Sawa,Executive Department Sub-Office/Agency/Bureau,U.S. Agency for Global Media ,,https://www.alhurra.com/,https://www.radiosawa.com/,
Railroad Retirement Board (RRB),Independent Agency,,,https://rrb.gov/,,
"Reclamation, Bureau of",Executive Department Sub-Office/Agency/Bureau,U.S. Department of the Interior ,,https://www.usbr.gov/,,
"Refugee Resettlement, Office of",Executive Department Sub-Office/Agency/Bureau,U.S. Department of Health and Human Services,Administration for Children and Families ,https://www.acf.hhs.gov/orr,,
Rehabilitation Services Administration,Executive Department Sub-Office/Agency/Bureau,U.S. Department of Education ,Office of Special Education and Rehabilitative Services ,https://www2.ed.gov/about/offices/list/osers/rsa/index.html?exp=0,,
Risk Management Agency,Executive Department Sub-Office/Agency/Bureau,U.S. Department of Agriculture,,https://www.rma.usda.gov/,,
Rural Business and Cooperative Programs,Executive Department Sub-Office/Agency/Bureau,U.S. Department of Agriculture,Rural Development ,https://www.rd.usda.gov/about-rd/agencies/rural-business-cooperative-service,,
Rural Development,Executive Department Sub-Office/Agency/Bureau,U.S. Department of Agriculture,,https://www.rd.usda.gov/,,
Rural Housing Service,Executive Department Sub-Office/Agency/Bureau,U.S. Department of Agriculture,Rural Development ,https://www.rd.usda.gov/about-rd/agencies/rural-housing-service,,
Rural Utilities Service,Executive Department Sub-Office/Agency/Bureau,U.S. Department of Agriculture,Rural Development ,https://www.rd.usda.gov/about-rd/agencies/rural-utilities-service,,
"Safety and Environmental Enforcement, Bureau of (BSEE)",Executive Department Sub-Office/Agency/Bureau,U.S. Department of the Interior ,,https://www.bsee.gov/,,
Saint Lawrence Seaway Development Corporation,Executive Department Sub-Office/Agency/Bureau,U.S. Department of Transportation ,,https://www.seaway.dot.gov/,,
Sandia National Laboratory,Executive Department Sub-Office/Agency/Bureau,U.S. Department of Energy,National Laboratories ,https://www.sandia.gov/,,
Savannah River National Laboratory,Executive Department Sub-Office/Agency/Bureau,U.S. Department of Energy,National Laboratories ,https://srnl.doe.gov/,,
"Science and Technology Policy, Office of",Executive Office of the President,White House,,https://www.whitehouse.gov/ostp/,,
Science Office,Executive Department Sub-Office/Agency/Bureau,U.S. Department of Energy,,https://www.energy.gov/science/office-science,,
"Scientific and Technical Information, Office of",Executive Department Sub-Office/Agency/Bureau,U.S. Department of Energy,Science Office,https://www.osti.gov/,,
Seafood Inspection Program,Executive Department Sub-Office/Agency/Bureau,U.S. Department of Commerce,National Oceanic and Atmospheric Administration ,https://www.fisheries.noaa.gov/topic/seafood-commerce-certification#seafood-inspection,https://www.fishwatch.gov/,
Secret Service,Executive Department Sub-Office/Agency/Bureau,U.S. Department of Homeland Security ,,https://www.secretservice.gov/,,
Securities and Exchange Commission (SEC),Independent Agency,,,https://www.sec.gov/,,
Selective Service System (SSS),Independent Agency,,,https://www.sss.gov/,,
Senate,Legislative,,,https://www.senate.gov/,,
Senior Corps,Independent Agency,Corporation for National and Community Service ,,https://www.nationalservice.gov/programs/senior-corps,,
Sentencing Commission,Judicial ,,,https://www.ussc.gov/,,
"Servicemember Affairs, Office of",Executive Department Sub-Office/Agency/Bureau,Consumer Financial Protection Bureau ,,https://www.consumerfinance.gov/practitioner-resources/servicemembers/,,
SLAC National Accelerator Laboratory,Executive Department Sub-Office/Agency/Bureau,U.S. Department of Energy,National Laboratories ,https://www6.slac.stanford.edu/,,
Small Business Administration (SBA),Independent Agency,,,https://www.sba.gov/,,
Smithsonian Institution,Quasi-official,,,https://www.si.edu/,,
Social Security Administration (SSA),Independent Agency,,,https://www.ssa.gov/,,
Social Security Advisory Board,"Independent Board, Commission, Committee",,,https://www.ssab.gov/,,
Southeastern Power Administration,Executive Department Sub-Office/Agency/Bureau,U.S. Department of Energy,Power Administrations ,https://www.energy.gov/sepa/southeastern-power-administration,,
Southern Command,Executive Department Sub-Office/Agency/Bureau,U.S. Department of Defense,Unified Combatant Commands ,https://www.southcom.mil/,,
Southwestern Power Administration,Executive Department Sub-Office/Agency/Bureau,U.S. Department of Energy,Power Administrations ,https://www.swpa.gov/,,
"Special Counsel, Office of",Independent Agency,,,https://osc.gov/,,
"Special Education and Rehabilitative Services, Office of (OSERS)",Executive Department Sub-Office/Agency/Bureau,U.S. Department of Education ,,https://www2.ed.gov/about/offices/list/osers/index.html,,
Special Forces Operations Command,Executive Department Sub-Office/Agency/Bureau,U.S. Department of Defense,Unified Combatant Commands ,https://www.socom.mil/,,
State Department (DOS),Executive Department,White House,,https://www.state.gov/,,
State Justice Institute,Quasi-official,,,https://www.sji.gov/about-sji/,,
Stennis Center for Public Service,Legislative,U.S. House of Representatives ,,https://stennis.gov/,,
Strategic Command,Executive Department Sub-Office/Agency/Bureau,U.S. Department of Defense,Unified Combatant Commands ,https://www.stratcom.mil/,,
Substance Abuse and Mental Health Services Administration (SAMHSA),Executive Department Sub-Office/Agency/Bureau,U.S. Department of Health and Human Services,National Institutes of Health ,https://www.samhsa.gov/,,
Supreme Court of the United States,Judicial ,,,https://www.supremecourt.gov/,,
"Surface Mining, Reclamation and Enforcement, Office of",Executive Department Sub-Office/Agency/Bureau,U.S. Department of the Interior ,,https://www.osmre.gov/,,
Surface Transportation Board,Independent Agency,,,https://prod.stb.gov/,,
Susquehanna River Basin Commission,"Independent Board, Commission, Committee",,,https://www.srbc.net/,,
Tax Court,Judicial ,,,https://www.ustaxcourt.gov/,,
Taxpayer Advocacy Panel,Executive Department Sub-Office/Agency/Bureau,U.S. Department of the Treasury ,,https://improveirs.org/,,
Tennessee Valley Authority (TVA),Independent Agency,,,https://www.tva.com/,,
Thomas Jefferson National Accelerator Facility,Executive Department Sub-Office/Agency/Bureau,U.S. Department of Energy,National Laboratories ,https://www.jlab.org/,,
Trade and Development Agency,Independent Agency,,,https://www.ustda.gov/,,
Trade Representative,Executive Office of the President,White House,,https://ustr.gov/,,
Transportation Department (DOT),Executive Department,White House,,https://www.transportation.gov/,,
Transportation Security Administration (TSA),Executive Department Sub-Office/Agency/Bureau,U.S. Department of Homeland Security ,,https://www.tsa.gov/,,
"Transportation Statistics, Bureau of",Executive Department Sub-Office/Agency/Bureau,U.S. Department of Transportation ,,https://www.bts.gov/,,
Treasury Department,Executive Department,White House,,https://home.treasury.gov/,,
Trustee Program,Executive Department Sub-Office/Agency/Bureau,U.S. Department of Justice ,,https://www.justice.gov/ust,,
U.S. AbilityOne Commission,Executive Department Sub-Office/Agency/Bureau,,,https://www.abilityone.gov/,,
U.S. Access Board,Executive Department Sub-Office/Agency/Bureau,,,https://www.access-board.gov/,,
U.S. Agency for Global Media,Independent Agency,,,https://www.usagm.gov/,,
U.S. Agency for International Development (USAID),Independent Agency,,,https://www.usaid.gov/,,
U.S. Air Force,Executive Department Sub-Office/Agency/Bureau,U.S. Department of Defense,,https://www.af.mil/,,
U.S. Air Force Reserve Command,Executive Department Sub-Office/Agency/Bureau,U.S. Department of Defense,U.S. Air Force,https://www.afrc.af.mil/,https://www.afreserve.com/,
U.S. Arctic Research Commission,"Independent Board, Commission, Committee",,,https://www.arctic.gov/,,
U.S. Army,Executive Department Sub-Office/Agency/Bureau,U.S. Department of Defense,,https://www.army.mil/,,
U.S. Army Corps of Engineers,Executive Department Sub-Office/Agency/Bureau,U.S. Department of Defense,U.S. Army,https://www.usace.army.mil/,,
U.S. Botanic Garden,Legislative,U.S. House of Representatives,Architect of the Capitol ,https://www.usbg.gov/,,
U.S. Capitol Police,Legislative,U.S. House of Representatives,,https://www.uscp.gov/,,
U.S. Capitol Visitor Center,Legislative,U.S. House of Representatives,Architect of the Capitol ,http://www.visitthecapitol.gov/,,
U.S. Census Bureau,Executive Department Sub-Office/Agency/Bureau,U.S. Department of Commerce ,,https://www.census.gov/,,
U.S. Central Command (CENTCOM),Executive Department Sub-Office/Agency/Bureau,U.S. Department of Defense,Unified Combatant Commands ,https://www.centcom.mil/,,
U.S. Chemical Safety Board,"Independent Board, Commission, Committee",,,https://www.csb.gov/,,
U.S. Citizenship and Immigration Services (USCIS),Executive Department Sub-Office/Agency/Bureau,U.S. Department of Homeland Security ,,https://www.uscis.gov/,,
U.S. Coast Guard,Executive Department Sub-Office/Agency/Bureau,U.S. Department of Homeland Security ,,https://www.uscg.mil/,https://www.uscgboating.org/,
U.S. Commission of Fine Arts,"Independent Board, Commission, Committee",,,https://www.cfa.gov/,,
U.S. Commission on International Religious Freedom,Executive Department Sub-Office/Agency/Bureau,,,https://www.uscirf.gov/,,
U.S. Commodity Futures Trading Commission (CFTC),Independent Agency,,,https://www.cftc.gov/,,
U.S. Court of Appeals for Veterans Claims,Judicial ,,,http://www.uscourts.cavc.gov/,,
U.S. Courts of Appeal,Judicial ,,,https://www.uscourts.gov/about-federal-courts,,
U.S. Customs and Border Protection,Executive Department Sub-Office/Agency/Bureau,U.S. Department of Homeland Security ,,https://www.cbp.gov/,,
U.S. Department of Agriculture (USDA),Executive Department,White House,,https://www.usda.gov/,,
U.S. Department of Commerce (DOC),Executive Department,White House,,https://www.commerce.gov/,,
U.S. Department of Defense (DOD),Executive Department,White House,,https://www.defense.gov/,,
U.S. Department of Education (ED),Executive Department,White House,,https://www.ed.gov/,,
U.S. Department of Energy (DOE),Executive Department,White House,,https://www.energy.gov/,,
U.S. Department of Health and Human Services (HHS),Executive Department,White House,,https://www.hhs.gov/,,
U.S. Department of Homeland Security (DHS),Executive Department,White House,,https://www.dhs.gov/,,
U.S. Department of Housing and Urban Development (HUD),Executive Department,White House,,https://www.hud.gov/,,
U.S. Department of Justice (DOJ),Executive Department,White House,,https://www.justice.gov/,,
U.S. Department of Labor (DOL),Executive Department,White House,,https://www.dol.gov/,,
U.S. Department of State (DOS),Executive Department,White House,,https://www.state.gov/,,
U.S. Department of the Interior (DOI),Executive Department,White House,,https://www.doi.gov/,,
U.S. Department of the Treasury,Executive Department,White House,,https://home.treasury.gov/,,
U.S. Department of Transportation (DOT),Executive Department,White House,,https://www.transportation.gov/,,
U.S. Department of Veterans Affairs (VA),Executive Department,White House,,https://www.va.gov/,,
U.S. Election Assistance Commission (EAC),Executive Department Sub-Office/Agency/Bureau,,,https://www.eac.gov/,,
U.S. European Command,Executive Department Sub-Office/Agency/Bureau,U.S. Department of Defense,Unified Combatant Commands ,https://www.eucom.mil/,,
U.S. Fire Administration (USFA),Executive Department Sub-Office/Agency/Bureau,U.S. Department of Homeland Security,Federal Emergency Management Agency ,https://www.usfa.fema.gov/,,
U.S. Fleet Forces Command,Executive Department Sub-Office/Agency/Bureau,U.S. Department of Defense,,https://www.public.navy.mil/usff/Pages/default.aspx,,
U.S. Geological Survey (USGS),Executive Department Sub-Office/Agency/Bureau,U.S. Department of the Interior ,,https://www.usgs.gov/,,
U.S. House of Representatives,Legislative,,,https://www.house.gov/,,
U.S. Immigration and Customs Enforcement (ICE),Executive Department Sub-Office/Agency/Bureau,U.S. Department of Homeland Security,,https://www.ice.gov/,,
U.S. International Development Finance Corporation,Independent Agency,,,https://www.dfc.gov/,,
U.S. International Trade Commission,Independent Agency,,,https://www.usitc.gov/,,
U.S. Marine Corps,Executive Department Sub-Office/Agency/Bureau,U.S. Department of Defense,U.S. Navy,https://www.marines.mil/,,
U.S. Marshals Service,Executive Department Sub-Office/Agency/Bureau,U.S. Department of Justice ,,https://www.usmarshals.gov//,,
"U.S. Military Academy, West Point",Executive Department Sub-Office/Agency/Bureau,U.S. Department of Defense,U.S. Army,https://www.westpoint.edu/,,
U.S. Mint,Executive Department Sub-Office/Agency/Bureau,U.S. Department of the Treasury,,https://www.usmint.gov/,,
U.S. Mission to the United Nations,Executive Department Sub-Office/Agency/Bureau,U.S. Department of State ,,https://usun.usmission.gov/,,
U.S. National Central Bureau - Interpol,Executive Department Sub-Office/Agency/Bureau,U.S. Department of Justice ,,https://www.justice.gov/interpol-washington,,
U.S. Navy,Executive Department Sub-Office/Agency/Bureau,U.S. Department of Justice ,,https://www.navy.mil/,,
U.S. Northern Command,Executive Department Sub-Office/Agency/Bureau,U.S. Department of Defense,Unified Combatant Commands ,https://www.northcom.mil/,,
U.S. Nuclear Regulatory Commission (NRC),Independent Agency,,,https://www.nrc.gov/,,
U.S. Pacific Command,Executive Department Sub-Office/Agency/Bureau,U.S. Department of Defense,Unified Combatant Commands ,https://www.pacom.mil/,,
U.S. Parole Commission,Executive Department Sub-Office/Agency/Bureau,U.S. Department of Justice ,,https://www.justice.gov/uspc,,
U.S. Patent and Trademark Office,Executive Department Sub-Office/Agency/Bureau,U.S. Department of Commerce ,,https://www.uspto.gov/,,
U.S. Postal Inspection Service,Executive Department Sub-Office/Agency/Bureau,U.S. Postal Service ,,https://www.uspis.gov/,,
U.S. Postal Service (USPS),Independent Agency,,,https://www.usps.com/,,
U.S. Senate,Legislative,,,https://www.senate.gov/,,
U.S. Sentencing Commission,Judicial ,,,https://www.ussc.gov/,,
U.S. Southern Command,Executive Department Sub-Office/Agency/Bureau,U.S. Department of Defense,Unified Combatant Commands ,https://www.southcom.mil/,,
U.S. Special Operations Command,Executive Department Sub-Office/Agency/Bureau,U.S. Department of Defense,Unified Combatant Commands ,https://www.socom.mil/,,
U.S. Strategic Command,Executive Department Sub-Office/Agency/Bureau,U.S. Department of Defense,Unified Combatant Commands ,https://www.stratcom.mil/,,
U.S. Trade and Development Agency,Independent Agency,,,https://www.ustda.gov/,,
U.S. Trade Representative,Executive Office of the President,White House,,https://ustr.gov/,,
U.S. Transportation Command,Executive Department Sub-Office/Agency/Bureau,U.S. Department of Defense,Unified Combatant Commands ,https://www.ustranscom.mil/,,
U.S. Trustee Program,Executive Department Sub-Office/Agency/Bureau,U.S. Department of Defense,,https://www.justice.gov/ust,,
Unified Combatant Commands,Executive Department Sub-Office/Agency/Bureau,U.S. Department of Defense,,https://www.defense.gov/Our-Story/Combatant-Commands/,,
Uniformed Services University of the Health Sciences,Executive Department Sub-Office/Agency/Bureau,U.S. Department of Defense,,https://www.usuhs.edu/,,
US-CERT (US CERT),Executive Department Sub-Office/Agency/Bureau,U.S. Department of Homeland Security ,,https://www.us-cert.gov/,,
USAGov,Executive Department Sub-Office/Agency/Bureau,General Services Administration ,,https://www.usa.gov/explore/,,
Veterans Affairs Department (VA),Executive Department,White House,,https://www.va.gov/,,
Veterans Benefits Administration (VBA),Executive Department Sub-Office/Agency/Bureau,U.S. Department of Veterans Affairs ,,https://benefits.va.gov/benefits/,,
Veterans Day National Committee,"Independent Board, Commission, Committee",U.S. Department of Veterans Affairs ,,https://www.va.gov/opa/vetsday/vdnc.asp,,
Veterans Health Administration (VHA),Executive Department Sub-Office/Agency/Bureau,U.S. Department of Veterans Affairs ,,https://www.va.gov/health/,,
Veterans' Employment and Training Service (VETS),Executive Department Sub-Office/Agency/Bureau,U.S. Department of Labor ,,https://www.dol.gov/agencies/vets,,
"Violence Against Women, Office on (OVW)",Executive Department Sub-Office/Agency/Bureau,U.S. Department of Justice,,https://www.justice.gov/ovw,,
Voice of America (VOA),Executive Department Sub-Office/Agency/Bureau,U.S. Agency for Global Media ,,https://www.voanews.com/,,
Wage and Hour Division (WHD),Executive Department Sub-Office/Agency/Bureau,U.S. Department of Labor ,,https://www.dol.gov/agencies/whd,,
Washington Headquarters Services,Executive Department Sub-Office/Agency/Bureau,U.S. Department of Defense,,https://www.whs.mil/,,
Weather Service,Executive Department Sub-Office/Agency/Bureau,U.S. Department of Commerce,National Oceanic and Atmospheric Administration ,https://www.weather.gov/,,
Weights and Measures Division,Executive Department Sub-Office/Agency/Bureau,U.S. Department of Commerce,National Institute of Standards and Technology ,https://www.nist.gov/pml/weights-and-measures,,
West Point Military Academy,Executive Department Sub-Office/Agency/Bureau,U.S. Department of Defense,U.S. Army,https://www.westpoint.edu/,,
Western Area Power Administration,Executive Department Sub-Office/Agency/Bureau,U.S. Department of Energy,Power Administrations ,https://www.wapa.gov/Pages/Western.aspx,,
White House,None,,,https://www.whitehouse.gov/,,
Wireless Telecommunications Bureau,None,Federal Communications Commission ,,https://www.fcc.gov/wireless-telecommunications,,
Women's Bureau,Executive Department Sub-Office/Agency/Bureau,U.S. Department of Labor ,,https://www.dol.gov/agencies/wb,,
Woodrow Wilson International Center for Scholars,Quasi-official,,,https://www.wilsoncenter.org/,,