"branch","agency","subagency","admin","institution","az_index","gov_man","ffrdcs","gm_website","website","other_website","ff_website","ff_other_website","admin_website","gm_email","gm_phone"
"executive office of the u.s. president","white house",NA,NA,"u.s. council of economic advisers",1,0,0,NA,"https://www.whitehouse.gov/cea/",NA,NA,NA,NA,NA,NA
"executive office of the u.s. president","white house",NA,NA,"u.s. council on environmental quality",1,0,0,NA,"https://www.whitehouse.gov/ceq/",NA,NA,NA,NA,NA,NA
"executive office of the u.s. president","white house",NA,NA,"u.s. national security council",1,0,0,NA,"https://www.whitehouse.gov/nsc/",NA,NA,NA,NA,NA,NA
"executive office of the u.s. president","white house",NA,NA,"u.s. office of management and budget",1,0,0,NA,"https://www.whitehouse.gov/omb/",NA,NA,NA,NA,NA,NA
"executive office of the u.s. president","white house",NA,NA,"u.s. office of national drug control policy",1,0,0,NA,"https://www.whitehouse.gov/ondcp/",NA,NA,NA,NA,NA,NA
"executive office of the u.s. president","white house",NA,NA,"u.s. office of science and technology policy",1,0,0,NA,"https://www.whitehouse.gov/ostp/",NA,NA,NA,NA,NA,NA
"executive office of the u.s. president","white house",NA,NA,"u.s. trade representative",1,0,0,NA,"https://ustr.gov/",NA,NA,NA,NA,NA,NA
"executive office of the u.s. president",NA,NA,NA,"the president",0,1,0,NA,NA,NA,NA,NA,NA,NA,NA
"executive office of the u.s. president",NA,NA,NA,"the vice president",0,1,0,NA,NA,NA,NA,NA,NA,NA,NA
"u.s. executive branch","white house",NA,NA,"u.s. department of agriculture",1,1,0,"http://www.usda.gov","https://www.usda.gov/",NA,NA,NA,NA,NA,"202-720-2791"
"u.s. executive branch","white house",NA,NA,"u.s. department of commerce",1,1,0,"http://www.doc.gov","https://www.commerce.gov/",NA,NA,NA,NA,NA,"202-482-2000"
"u.s. executive branch","white house",NA,NA,"u.s. department of defense",1,1,0,"http://www.defense.gov","https://www.defense.gov/",NA,NA,NA,NA,NA,"703-545-6700"
"u.s. executive branch","white house",NA,NA,"u.s. department of education",1,1,0,"http://www.ed.gov","https://www.ed.gov/",NA,NA,NA,NA,NA,"202-401-2000"
"u.s. executive branch","white house",NA,NA,"u.s. department of energy",1,1,0,"http://www.energy.gov","https://www.energy.gov/",NA,NA,NA,NA,NA,"202-586-5000"
"u.s. executive branch","white house",NA,NA,"u.s. department of health and human services",1,1,0,"http://www.hhs.gov","https://www.hhs.gov/",NA,NA,NA,NA,NA,"202-690-6343"
"u.s. executive branch","white house",NA,NA,"u.s. department of homeland security",1,1,0,"http://www.dhs.gov","https://www.dhs.gov/",NA,NA,NA,NA,NA,"202-282-8000"
"u.s. executive branch","white house",NA,NA,"u.s. department of housing and urban development",1,1,0,"http://www.hud.gov","https://www.hud.gov/",NA,NA,NA,NA,NA,"202-708-1422"
"u.s. executive branch","white house",NA,NA,"u.s. department of justice",1,1,0,"http://www.justice.gov","https://www.justice.gov/",NA,NA,NA,NA,NA,"202-514-2000"
"u.s. executive branch","white house",NA,NA,"u.s. department of labor",1,1,0,"http://www.dol.gov","https://www.dol.gov/",NA,NA,NA,NA,NA,"202-693-6000"
"u.s. executive branch","white house",NA,NA,"u.s. department of state",1,1,0,"http://www.state.gov","https://www.state.gov/",NA,NA,NA,NA,NA,"202-647-4000"
"u.s. executive branch","white house",NA,NA,"u.s. department of the interior",1,1,0,"http://www.doi.gov","https://www.doi.gov/",NA,NA,NA,NA,NA,"202-208-3100"
"u.s. executive branch","white house",NA,NA,"u.s. department of the treasury",1,1,0,"http://www.treasury.gov","https://home.treasury.gov/",NA,NA,NA,NA,NA,"202-622-2000"
"u.s. executive branch","white house",NA,NA,"u.s. department of transportation",1,1,0,"http://www.dot.gov","https://www.transportation.gov/",NA,NA,NA,NA,NA,"202-366-4000"
"u.s. executive branch","white house",NA,NA,"u.s. department of veterans affairs",1,1,0,"http://www.va.gov","https://www.va.gov/",NA,NA,NA,NA,NA,"202-461-4800"
"u.s. executive branch","u.s. department of agriculture","usda - marketing and regulatory programs",NA,"u.s. agricultural marketing service",1,0,0,NA,"https://www.ams.usda.gov/",NA,NA,NA,NA,NA,NA
"u.s. executive branch","u.s. department of agriculture",NA,NA,"u.s. agricultural research service",1,0,0,NA,"https://www.ars.usda.gov/",NA,NA,NA,NA,NA,NA
"u.s. executive branch","u.s. department of agriculture","usda - marketing and regulatory programs",NA,"u.s. animal and plant health inspection service",1,0,0,NA,"https://www.aphis.usda.gov/aphis/home/",NA,NA,NA,NA,NA,NA
"u.s. executive branch","u.s. department of agriculture",NA,NA,"u.s. center for nutrition policy and promotion",1,0,0,NA,"https://www.fns.usda.gov/cnpp","https://www.choosemyplate.gov/",NA,NA,NA,NA,NA
"u.s. executive branch","u.s. department of agriculture",NA,NA,"u.s. economic research service",1,0,0,NA,"https://www.ers.usda.gov/",NA,NA,NA,NA,NA,NA
"u.s. executive branch","u.s. department of agriculture",NA,NA,"u.s. farm service agency",1,0,0,NA,"https://www.fsa.usda.gov/",NA,NA,NA,NA,NA,NA
"u.s. executive branch","u.s. department of agriculture",NA,NA,"u.s. food and nutrition service",1,0,0,NA,"https://www.fns.usda.gov/",NA,NA,NA,NA,NA,NA
"u.s. executive branch","u.s. department of agriculture",NA,NA,"u.s. food safety and inspection service",1,0,0,NA,"https://www.fsis.usda.gov/wps/portal/fsis/home",NA,NA,NA,NA,NA,NA
"u.s. executive branch","u.s. department of agriculture",NA,NA,"u.s. foreign agricultural service",1,0,0,NA,"https://www.fas.usda.gov/",NA,NA,NA,NA,NA,NA
"u.s. executive branch","u.s. department of agriculture",NA,NA,"u.s. forest service",1,0,0,NA,"https://www.fs.usda.gov/",NA,NA,NA,NA,NA,NA
"u.s. executive branch","u.s. department of agriculture","usda - marketing and regulatory programs",NA,"u.s. grain inspection, packers and stockyards administration",1,0,0,NA,"https://www.gipsa.usda.gov/",NA,NA,NA,NA,NA,NA
"u.s. executive branch","u.s. department of agriculture",NA,NA,"u.s. national agricultural statistics service",1,0,0,NA,"https://www.nass.usda.gov/",NA,NA,NA,NA,NA,NA
"u.s. executive branch","u.s. department of agriculture",NA,NA,"u.s. national institute of food and agriculture",1,0,0,NA,"https://nifa.usda.gov/",NA,NA,NA,NA,NA,NA
"u.s. executive branch","u.s. department of agriculture",NA,NA,"u.s. national library of agriculture",1,0,0,NA,"https://www.nal.usda.gov/main/",NA,NA,NA,NA,NA,NA
"u.s. executive branch","u.s. department of agriculture",NA,NA,"u.s. natural resources conservation service",1,0,0,NA,"https://www.nrcs.usda.gov/wps/portal/nrcs/site/national/home/",NA,NA,NA,NA,NA,NA
"u.s. executive branch","u.s. department of agriculture",NA,NA,"u.s. risk management agency",1,0,0,NA,"https://www.rma.usda.gov/",NA,NA,NA,NA,NA,NA
"u.s. executive branch","u.s. department of agriculture","usda - rural development",NA,"u.s. rural business-cooperative service",1,0,0,NA,"https://www.rd.usda.gov/about-rd/agencies/rural-business-cooperative-service",NA,NA,NA,NA,NA,NA
"u.s. executive branch","u.s. department of agriculture","usda - rural development",NA,"u.s. rural housing service",1,0,0,NA,"https://www.rd.usda.gov/about-rd/agencies/rural-housing-service",NA,NA,NA,NA,NA,NA
"u.s. executive branch","u.s. department of agriculture","usda - rural development",NA,"u.s. rural utilities service",1,0,0,NA,"https://www.rd.usda.gov/about-rd/agencies/rural-utilities-service",NA,NA,NA,NA,NA,NA
"u.s. executive branch","u.s. department of agriculture",NA,NA,"usda - marketing and regulatory programs",1,0,0,NA,"https://www.aphis.usda.gov/aphis/ourfocus/business-services",NA,NA,NA,NA,NA,NA
"u.s. executive branch","u.s. department of agriculture",NA,NA,"usda - rural development",1,0,0,NA,"https://www.rd.usda.gov/",NA,NA,NA,NA,NA,NA
"u.s. executive branch","u.s. department of commerce",NA,NA,"u.s. bureau of economic analysis",1,0,0,NA,"https://www.bea.gov/",NA,NA,NA,NA,NA,NA
"u.s. executive branch","u.s. department of commerce",NA,NA,"u.s. bureau of industry and security",1,0,0,NA,"https://www.bis.doc.gov/",NA,NA,NA,NA,NA,NA
"u.s. executive branch","u.s. department of commerce",NA,NA,"u.s. census bureau",1,0,0,NA,"https://www.census.gov/",NA,NA,NA,NA,NA,NA
"u.s. executive branch","u.s. department of commerce","u.s. international trade administration",NA,"u.s. committee for the implementation of textile agreements",1,0,0,NA,"https://otexa.trade.gov/cita_otexa.htm",NA,NA,NA,NA,NA,NA
"u.s. executive branch","u.s. department of commerce",NA,NA,"u.s. economic development administration",1,0,0,NA,"https://www.eda.gov/",NA,NA,NA,NA,NA,NA
"u.s. executive branch","u.s. department of commerce",NA,NA,"u.s. international trade administration",1,0,0,NA,"https://www.trade.gov/",NA,NA,NA,NA,NA,NA
"u.s. executive branch","u.s. department of commerce",NA,NA,"u.s. minority business development agency",1,0,0,NA,"https://www.mbda.gov/",NA,NA,NA,NA,NA,NA
"u.s. executive branch","u.s. department of commerce",NA,NA,"u.s. national institute of standards and technology",1,0,0,NA,"https://www.nist.gov/",NA,NA,NA,NA,NA,NA
"u.s. executive branch","u.s. department of commerce","u.s. national oceanic and atmospheric administration",NA,"u.s. national marine fisheries service",1,0,0,NA,"https://www.fisheries.noaa.gov/",NA,NA,NA,NA,NA,NA
"u.s. executive branch","u.s. department of commerce","u.s. national oceanic and atmospheric administration",NA,"u.s. national ocean service",1,0,0,NA,"https://oceanservice.noaa.gov/",NA,NA,NA,NA,NA,NA
"u.s. executive branch","u.s. department of commerce",NA,NA,"u.s. national oceanic and atmospheric administration",1,0,0,NA,"https://www.noaa.gov/",NA,NA,NA,NA,NA,NA
"u.s. executive branch","u.s. department of commerce",NA,NA,"u.s. national technical information service",1,0,0,NA,"https://www.ntis.gov/",NA,NA,NA,NA,NA,NA
"u.s. executive branch","u.s. department of commerce",NA,NA,"u.s. national telecommunications and information administration",1,0,0,NA,"https://www.ntia.doc.gov/",NA,NA,NA,NA,NA,NA
"u.s. executive branch","u.s. department of commerce","u.s. national oceanic and atmospheric administration",NA,"u.s. national weather service",1,0,0,NA,"https://www.weather.gov/",NA,NA,NA,NA,NA,NA
"u.s. executive branch","u.s. department of commerce",NA,NA,"u.s. patent and trademark office",1,0,0,NA,"https://www.uspto.gov/",NA,NA,NA,NA,NA,NA
"u.s. executive branch","u.s. department of commerce","u.s. national oceanic and atmospheric administration",NA,"u.s. seafood inspection program",1,0,0,NA,"https://www.fisheries.noaa.gov/topic/seafood-commerce-certification#seafood-inspection","https://www.fishwatch.gov/",NA,NA,NA,NA,NA
"u.s. executive branch","u.s. department of commerce","u.s. national institute of standards and technology",NA,"u.s. weights and measures division",1,0,0,NA,"https://www.nist.gov/pml/weights-and-measures",NA,NA,NA,NA,NA,NA
"u.s. executive branch","u.s. department of defense","u.s. national defense university",NA,"dwight d. eisenhower school for national security and resource strategy",1,0,0,NA,"https://www.ndu.edu/Academics/CollegesCenters/TheEisenhowerSchool.aspx",NA,NA,NA,NA,NA,NA
"u.s. executive branch","u.s. department of defense",NA,"rand corp.","u.s. air force",1,0,1,NA,"https://www.af.mil/",NA,"http://www.defense.gov/","http://www.af.mil/","http://www.rand.org/",NA,NA
"u.s. executive branch","u.s. department of defense","u.s. air force",NA,"u.s. air force reserve command",1,0,0,NA,"https://www.afrc.af.mil/","https://www.afreserve.com/",NA,NA,NA,NA,NA
"u.s. executive branch","u.s. department of defense","u.s. department of the army",NA,"u.s. army corps of engineers",1,0,0,NA,"https://www.usace.army.mil/",NA,NA,NA,NA,NA,NA
"u.s. executive branch","u.s. department of defense","u.s. unified combatant commands",NA,"u.s. central command",1,0,0,NA,"https://www.centcom.mil/",NA,NA,NA,NA,NA,NA
"u.s. executive branch","u.s. department of defense",NA,NA,"u.s. defense acquisition university",1,0,0,NA,"https://www.dau.edu/",NA,NA,NA,NA,NA,NA
"u.s. executive branch","u.s. department of defense",NA,NA,"u.s. defense advanced research projects agency",1,0,0,NA,"https://www.darpa.mil/",NA,NA,NA,NA,NA,NA
"u.s. executive branch","u.s. department of defense",NA,NA,"u.s. defense commissary agency",1,0,0,NA,"https://www.commissaries.com/",NA,NA,NA,NA,NA,NA
"u.s. executive branch","u.s. department of defense",NA,NA,"u.s. defense contract audit agency",1,0,0,NA,"https://www.dcaa.mil/",NA,NA,NA,NA,NA,NA
"u.s. executive branch","u.s. department of defense",NA,NA,"u.s. defense contract management agency",1,0,0,NA,"https://www.dcma.mil/",NA,NA,NA,NA,NA,NA
"u.s. executive branch","u.s. department of defense",NA,NA,"u.s. defense finance and accounting service",1,0,0,NA,"https://www.dfas.mil/",NA,NA,NA,NA,NA,NA
"u.s. executive branch","u.s. department of defense","u.s. defense finance and accounting service",NA,"u.s. defense finance and accounting service - debt and claims management center",1,0,0,NA,"https://www.dfas.mil/debtandclaims/",NA,NA,NA,NA,NA,NA
"u.s. executive branch","u.s. department of defense",NA,NA,"u.s. defense health agency",1,0,0,NA,"https://www.health.mil/About-MHS/Contact-Us","https://tricare.mil/ContactUs",NA,NA,NA,NA,NA
"u.s. executive branch","u.s. department of defense",NA,NA,"u.s. defense information systems agency",1,0,0,NA,"https://www.disa.mil/",NA,NA,NA,NA,NA,NA
"u.s. executive branch","u.s. department of defense",NA,NA,"u.s. defense intelligence agency",1,0,0,NA,"https://www.dia.mil/",NA,NA,NA,NA,NA,NA
"u.s. executive branch","u.s. department of defense",NA,NA,"u.s. defense logistics agency",1,0,0,NA,"https://www.dla.mil/",NA,NA,NA,NA,NA,NA
"u.s. executive branch","u.s. department of defense",NA,NA,"u.s. defense security cooperation agency",1,0,0,NA,"https://www.dsca.mil/",NA,NA,NA,NA,NA,NA
"u.s. executive branch","u.s. department of defense",NA,NA,"u.s. defense security service",1,0,0,NA,"https://www.dcsa.mil/",NA,NA,NA,NA,NA,NA
"u.s. executive branch","u.s. department of defense",NA,NA,"u.s. defense technical information center",1,0,0,NA,"https://discover.dtic.mil/",NA,NA,NA,NA,NA,NA
"u.s. executive branch","u.s. department of defense",NA,NA,"u.s. defense threat reduction agency",1,0,0,NA,"https://www.dtra.mil/",NA,NA,NA,NA,NA,NA
"u.s. executive branch","u.s. department of defense",NA,NA,"u.s. department of the army",1,0,0,NA,"https://www.army.mil/",NA,NA,NA,NA,NA,NA
"u.s. executive branch","u.s. department of defense",NA,NA,"u.s. department of the navy",1,0,0,NA,"https://www.navy.mil/",NA,NA,NA,NA,NA,NA
"u.s. executive branch","u.s. department of defense","u.s. unified combatant commands",NA,"u.s. european command",1,0,0,NA,"https://www.eucom.mil/",NA,NA,NA,NA,NA,NA
"u.s. executive branch","u.s. department of defense",NA,NA,"u.s. federal voting assistance program",1,0,0,NA,"https://www.fvap.gov/",NA,NA,NA,NA,NA,NA
"u.s. executive branch","u.s. department of defense",NA,NA,"u.s. fleet forces command",1,0,0,NA,"https://www.public.navy.mil/usff/Pages/default.aspx",NA,NA,NA,NA,NA,NA
"u.s. executive branch","u.s. department of defense",NA,NA,"u.s. joint chiefs of staff",1,0,0,NA,"https://www.jcs.mil/",NA,NA,NA,NA,NA,NA
"u.s. executive branch","u.s. department of defense","u.s. national defense university",NA,"u.s. joint forces staff college",1,0,0,NA,"https://jfsc.ndu.edu/",NA,NA,NA,NA,NA,NA
"u.s. executive branch","u.s. department of defense","u.s. department of the army",NA,"u.s. joint program executive office for chemical and biological defense",1,0,0,NA,"https://www.jpeocbrnd.osd.mil/",NA,NA,NA,NA,NA,NA
"u.s. executive branch","u.s. department of defense","u.s. department of the navy",NA,"u.s. marine corps",1,0,0,NA,"https://www.marines.mil/",NA,NA,NA,NA,NA,NA
"u.s. executive branch","u.s. department of defense","u.s. department of the army",NA,"u.s. military academy, west point",1,0,0,NA,"https://www.westpoint.edu/",NA,NA,NA,NA,NA,NA
"u.s. executive branch","u.s. department of defense",NA,NA,"u.s. missile defense agency",1,0,0,NA,"https://www.mda.mil/",NA,NA,NA,NA,NA,NA
"u.s. executive branch","u.s. department of defense",NA,NA,"u.s. national defense university",1,0,0,NA,"https://www.ndu.edu/",NA,NA,NA,NA,NA,NA
"u.s. executive branch","u.s. department of defense","u.s. national defense university",NA,"u.s. national defense university - college of information and cyberspace",1,0,0,NA,"https://cic.ndu.edu/",NA,NA,NA,NA,NA,NA
"u.s. executive branch","u.s. department of defense",NA,NA,"u.s. national geospatial-intelligence agency",1,0,0,NA,"https://www.nga.mil/Pages/Default.aspx",NA,NA,NA,NA,NA,NA
"u.s. executive branch","u.s. department of defense","u.s. department of the army",NA,"u.s. national guard",1,0,0,NA,"https://www.nationalguard.mil/","https://www.nationalguard.com/",NA,NA,NA,NA,NA
"u.s. executive branch","u.s. department of defense","u.s. defense intelligence agency",NA,"u.s. national intelligence university",1,0,0,NA,"https://ni-u.edu/wp/",NA,NA,NA,NA,NA,NA
"u.s. executive branch","u.s. department of defense",NA,NA,"u.s. national reconnaissance office",1,0,0,NA,"https://www.nro.gov/",NA,NA,NA,NA,NA,NA
"u.s. executive branch","u.s. department of defense",NA,NA,"u.s. national security agency",1,0,0,NA,"https://www.nsa.gov/",NA,NA,NA,NA,NA,NA
"u.s. executive branch","u.s. department of defense","u.s. national defense university",NA,"u.s. national war college",1,0,0,NA,"https://www.ndu.edu/Academics/CollegesCenters/NationalWarCollege.aspx",NA,NA,NA,NA,NA,NA
"u.s. executive branch","u.s. department of defense","u.s. unified combatant commands",NA,"u.s. northern command",1,0,0,NA,"https://www.northcom.mil/",NA,NA,NA,NA,NA,NA
"u.s. executive branch","u.s. department of defense",NA,NA,"u.s. office of economic adjustment",1,0,0,NA,"https://oea.gov/",NA,NA,NA,NA,NA,NA
"u.s. executive branch","u.s. department of defense","u.s. unified combatant commands",NA,"u.s. pacific command",1,0,0,NA,"https://www.pacom.mil/",NA,NA,NA,NA,NA,NA
"u.s. executive branch","u.s. department of defense",NA,NA,"u.s. pentagon force protection agency",1,0,0,NA,"https://www.pfpa.mil/",NA,NA,NA,NA,NA,NA
"u.s. executive branch","u.s. department of defense",NA,NA,"u.s. prisoner of war and missing in action accounting agency",1,0,0,NA,"https://www.dpaa.mil//",NA,NA,NA,NA,NA,NA
"u.s. executive branch","u.s. department of defense","u.s. unified combatant commands",NA,"u.s. southern command",1,0,0,NA,"https://www.southcom.mil/",NA,NA,NA,NA,NA,NA
"u.s. executive branch","u.s. department of defense","u.s. unified combatant commands",NA,"u.s. special operations command",1,0,0,NA,"https://www.socom.mil/",NA,NA,NA,NA,NA,NA
"u.s. executive branch","u.s. department of defense","u.s. unified combatant commands",NA,"u.s. strategic command",1,0,0,NA,"https://www.stratcom.mil/",NA,NA,NA,NA,NA,NA
"u.s. executive branch","u.s. department of defense","u.s. unified combatant commands",NA,"u.s. transportation command",1,0,0,NA,"https://www.ustranscom.mil/",NA,NA,NA,NA,NA,NA
"u.s. executive branch","u.s. department of defense",NA,NA,"u.s. unified combatant commands",1,0,0,NA,"https://www.defense.gov/Our-Story/Combatant-Commands/",NA,NA,NA,NA,NA,NA
"u.s. executive branch","u.s. department of defense",NA,NA,"u.s. uniformed services university of the health sciences",1,0,0,NA,"https://www.usuhs.edu/",NA,NA,NA,NA,NA,NA
"u.s. executive branch","u.s. department of defense",NA,NA,"u.s. washington headquarters services",1,0,0,NA,"https://www.whs.mil/",NA,NA,NA,NA,NA,NA
"u.s. executive branch","u.s. department of education","u.s. office of special education and rehabilitative services",NA,"u.s. center for parent information and resources",1,0,0,NA,"https://www.parentcenterhub.org/",NA,NA,NA,NA,NA,NA
"u.s. executive branch","u.s. department of education",NA,NA,"u.s. commission on presidential scholars",1,0,0,NA,"https://www2.ed.gov/programs/psp/commission.html?exp=0",NA,NA,NA,NA,NA,NA
"u.s. executive branch","u.s. department of education",NA,NA,"u.s. english language acquisition office",1,0,0,NA,"https://www2.ed.gov/about/offices/list/oela/index.html?src=oc",NA,NA,NA,NA,NA,NA
"u.s. executive branch","u.s. department of education",NA,NA,"u.s. federal student aid information center",1,0,0,NA,"https://studentaid.gov/",NA,NA,NA,NA,NA,NA
"u.s. executive branch","u.s. department of education",NA,NA,"u.s. institute of education sciences",1,0,0,NA,"https://www2.ed.gov/about/offices/list/ies/index.html",NA,NA,NA,NA,NA,NA
"u.s. executive branch","u.s. department of education",NA,NA,"u.s. office of career, technical, and adult education",1,0,0,NA,"https://www2.ed.gov/about/offices/list/ovae/index.html",NA,NA,NA,NA,NA,NA
"u.s. executive branch","u.s. department of education",NA,NA,"u.s. office of elementary and secondary education",1,0,0,NA,"https://oese.ed.gov/",NA,NA,NA,NA,NA,NA
"u.s. executive branch","u.s. department of education",NA,NA,"u.s. office of postsecondary education",1,0,0,NA,"https://www2.ed.gov/about/offices/list/ope/index.html",NA,NA,NA,NA,NA,NA
"u.s. executive branch","u.s. department of education",NA,NA,"u.s. office of special education and rehabilitative services",1,0,0,NA,"https://www2.ed.gov/about/offices/list/osers/index.html",NA,NA,NA,NA,NA,NA
"u.s. executive branch","u.s. department of education","u.s. office of special education and rehabilitative services",NA,"u.s. rehabilitation services administration",1,0,0,NA,"https://www2.ed.gov/about/offices/list/osers/rsa/index.html?exp=0",NA,NA,NA,NA,NA,NA
"u.s. executive branch","u.s. department of energy","u.s. national laboratories","iowa state university","ames laboratory",1,0,1,NA,"https://www.ameslab.gov/",NA,"http://www.energy.gov/",NA,"http://www.iastate.edu/",NA,NA
"u.s. executive branch","u.s. department of energy","u.s. national laboratories","uchicago argonne, llc","argonne national laboratory",1,0,1,NA,"https://www.anl.gov/",NA,"http://www.energy.gov/",NA,"http://www.uchicago.edu/",NA,NA
"u.s. executive branch","u.s. department of energy","u.s. national laboratories","brookhaven science associates, llc","brookhaven national laboratory",1,0,1,NA,"https://www.bnl.gov/world/",NA,"http://www.energy.gov/",NA,NA,NA,NA
"u.s. executive branch","u.s. department of energy","u.s. national laboratories","fermi research alliance, llc","fermi national accelerator laboratory",1,0,1,NA,"https://www.fnal.gov/",NA,"http://www.energy.gov/",NA,"http://www.fra-hq.org/",NA,NA
"u.s. executive branch","u.s. department of energy","u.s. national laboratories","battelle energy alliance, llc","idaho national laboratory",1,0,1,NA,"https://inl.gov/",NA,"http://www.energy.gov/",NA,NA,NA,NA
"u.s. executive branch","u.s. department of energy","u.s. national laboratories","university of california","lawrence berkeley national laboratory",1,0,1,NA,"https://www.lbl.gov/",NA,"http://www.energy.gov/",NA,"http://www.universityofcalifornia.edu/",NA,NA
"u.s. executive branch","u.s. department of energy","u.s. national laboratories","lawrence livermore national security, llc","lawrence livermore national laboratory",1,0,1,NA,"https://www.llnl.gov/",NA,"http://www.energy.gov/",NA,"http://www.llnsllc.com/",NA,NA
"u.s. executive branch","u.s. department of energy","u.s. national laboratories","triad national security, llc","los alamos national laboratory",1,0,1,NA,"https://www.lanl.gov/",NA,"http://www.energy.gov/",NA,"https://www.triadns.org/",NA,NA
"u.s. executive branch","u.s. department of energy","u.s. national laboratories",NA,"national energy technology laboratory",1,0,0,NA,"https://www.netl.doe.gov/",NA,NA,NA,NA,NA,NA
"u.s. executive branch","u.s. department of energy","u.s. national laboratories","alliance for sustainable energy, llc","national renewable energy laboratory",1,0,1,NA,"https://www.nrel.gov/",NA,"http://www.energy.gov/",NA,"http://www.allianceforsustainableenergy.org/",NA,NA
"u.s. executive branch","u.s. department of energy","u.s. national laboratories","ut-battelle, llc","oak ridge national laboratory",1,0,1,NA,"https://www.ornl.gov/",NA,"http://www.energy.gov/",NA,"http://www.ut-battelle.org/",NA,NA
"u.s. executive branch","u.s. department of energy","u.s. national laboratories","battelle memorial institute","pacific northwest national laboratory",1,0,1,NA,"https://www.pnnl.gov/",NA,"http://www.energy.gov/",NA,"http://www.battelle.org/",NA,NA
"u.s. executive branch","u.s. department of energy","u.s. national laboratories","princeton university","princeton plasma physics laboratory",1,0,1,NA,"https://www.pppl.gov/",NA,"http://www.energy.gov/",NA,"http://www.princeton.edu/",NA,NA
"u.s. executive branch","u.s. department of energy","u.s. national laboratories","savannah river nuclear solutions, llc","savannah river national laboratory",1,0,1,NA,"https://srnl.doe.gov/",NA,"http://www.energy.gov/",NA,"http://savannahrivernuclearsolutions.com/",NA,NA
"u.s. executive branch","u.s. department of energy","u.s. national laboratories","stanford university","slac national accelerator laboratory",1,0,1,NA,"https://www6.slac.stanford.edu/",NA,"http://www.energy.gov/",NA,"http://www.stanford.edu",NA,NA
"u.s. executive branch","u.s. department of energy","u.s. national laboratories","jefferson science associates, llc","thomas jefferson national accelerator facility",1,0,1,NA,"https://www.jlab.org/",NA,"http://www.energy.gov/",NA,"http://www.jsallc.org/",NA,NA
"u.s. executive branch","u.s. department of energy","u.s. power administrations",NA,"u.s.  bonneville power administration",1,0,0,NA,"https://www.bpa.gov/Pages/home.aspx",NA,NA,NA,NA,NA,NA
"u.s. executive branch","u.s. department of energy",NA,NA,"u.s. energy information administration",1,0,0,NA,"https://www.eia.gov/",NA,NA,NA,NA,NA,NA
"u.s. executive branch","u.s. department of energy",NA,NA,"u.s. federal energy regulatory commission",1,0,0,NA,"https://www.ferc.gov/",NA,NA,NA,NA,NA,NA
"u.s. executive branch","u.s. department of energy",NA,NA,"u.s. national laboratories",1,0,0,NA,"https://www.energy.gov/national-laboratories",NA,NA,NA,NA,NA,NA
"u.s. executive branch","u.s. department of energy",NA,NA,"u.s. national nuclear security administration",1,0,0,NA,"https://www.energy.gov/nnsa/national-nuclear-security-administration",NA,NA,NA,NA,NA,NA
"u.s. executive branch","u.s. department of energy",NA,NA,"u.s. office of environmental management",1,0,0,NA,"https://www.energy.gov/em/office-environmental-management",NA,NA,NA,NA,NA,NA
"u.s. executive branch","u.s. department of energy",NA,NA,"u.s. office of fossil energy",1,0,0,NA,"https://www.energy.gov/fe/office-fossil-energy",NA,NA,NA,NA,NA,NA
"u.s. executive branch","u.s. department of energy",NA,NA,"u.s. office of nuclear energy",1,0,0,NA,"https://www.energy.gov/ne/office-nuclear-energy",NA,NA,NA,NA,NA,NA
"u.s. executive branch","u.s. department of energy",NA,NA,"u.s. office of science",1,0,0,NA,"https://www.energy.gov/science/office-science",NA,NA,NA,NA,NA,NA
"u.s. executive branch","u.s. department of energy","u.s. office of science",NA,"u.s. office of scientific and technical information",1,0,0,NA,"https://www.osti.gov/",NA,NA,NA,NA,NA,NA
"u.s. executive branch","u.s. department of energy",NA,NA,"u.s. power administrations",1,0,0,NA,"https://www.energy.gov/offices",NA,NA,NA,NA,NA,NA
"u.s. executive branch","u.s. department of energy","u.s. power administrations",NA,"u.s. southeastern power administration",1,0,0,NA,"https://www.energy.gov/sepa/southeastern-power-administration",NA,NA,NA,NA,NA,NA
"u.s. executive branch","u.s. department of energy","u.s. power administrations",NA,"u.s. southwestern power administration",1,0,0,NA,"https://www.swpa.gov/",NA,NA,NA,NA,NA,NA
"u.s. executive branch","u.s. department of energy","u.s. power administrations",NA,"u.s. western area power administration",1,0,0,NA,"https://www.wapa.gov/Pages/Western.aspx",NA,NA,NA,NA,NA,NA
"u.s. executive branch","u.s. department of health and human services","u.s. centers for disease control and prevention",NA,"cdc - agency for toxic substances and disease registry",1,0,0,NA,"https://www.atsdr.cdc.gov/",NA,NA,NA,NA,NA,NA
"u.s. executive branch","u.s. department of health and human services","u.s. centers for disease control and prevention",NA,"cdc - national institute of occupational safety and health",1,0,0,NA,"https://www.cdc.gov/niosh/",NA,NA,NA,NA,NA,NA
"u.s. executive branch","u.s. department of health and human services","u.s. centers for disease control and prevention",NA,"cdc - national prevention information network",1,0,0,NA,"https://npin.cdc.gov/",NA,NA,NA,NA,NA,NA
"u.s. executive branch","u.s. department of health and human services","u.s. centers for medicare and medicaid services",NA,"medicaid",1,0,0,NA,"https://www.cms.gov/",NA,NA,NA,NA,NA,NA
"u.s. executive branch","u.s. department of health and human services","u.s. centers for medicare and medicaid services",NA,"medicare",1,0,0,NA,"https://www.cms.gov/",NA,NA,NA,NA,NA,NA
"u.s. executive branch","u.s. department of health and human services","u.s. national institutes of health",NA,"nih - national heart, lung, and blood institute",1,0,0,NA,"https://www.nhlbi.nih.gov/",NA,NA,NA,NA,NA,NA
"u.s. executive branch","u.s. department of health and human services","u.s. national institutes of health",NA,"nih - national institute of arthritis, musculoskeletal and skin diseases",1,0,0,NA,"https://www.niams.nih.gov/",NA,NA,NA,NA,NA,NA
"u.s. executive branch","u.s. department of health and human services","u.s. national institutes of health",NA,"nih - national institute of deafness and other communication disorders",1,0,0,NA,"https://www.nidcd.nih.gov/",NA,NA,NA,NA,NA,NA
"u.s. executive branch","u.s. department of health and human services","u.s. national institutes of health",NA,"nih - national institute of diabetes and digestive and kidney diseases",1,0,0,NA,"https://www.niddk.nih.gov/",NA,NA,NA,NA,NA,NA
"u.s. executive branch","u.s. department of health and human services","u.s. national institutes of health",NA,"nih - national institute of mental health",1,0,0,NA,"https://www.nimh.nih.gov/index.shtml",NA,NA,NA,NA,NA,NA
"u.s. executive branch","u.s. department of health and human services","u.s. national institutes of health",NA,"nih - national institute of neurological disorders and stroke",1,0,0,NA,"https://www.ninds.nih.gov/",NA,NA,NA,NA,NA,NA
"u.s. executive branch","u.s. department of health and human services",NA,NA,"u.s. administration for children and families",1,0,0,NA,"https://www.acf.hhs.gov/",NA,NA,NA,NA,NA,NA
"u.s. executive branch","u.s. department of health and human services",NA,NA,"u.s. administration for community living",1,0,0,NA,"https://acl.gov/",NA,NA,NA,NA,NA,NA
"u.s. executive branch","u.s. department of health and human services","u.s. administration for children and families",NA,"u.s. administration for native americans",1,0,0,NA,"https://www.acf.hhs.gov/ana",NA,NA,NA,NA,NA,NA
"u.s. executive branch","u.s. department of health and human services",NA,NA,"u.s. agency for healthcare research and quality",1,0,0,NA,"https://www.ahrq.gov/",NA,NA,NA,NA,NA,NA
"u.s. executive branch","u.s. department of health and human services","u.s. food and drug administration",NA,"u.s. center for food safety and applied nutrition",1,0,0,NA,"https://www.fda.gov/about-fda/fda-organization/center-food-safety-and-applied-nutrition-cfsan",NA,NA,NA,NA,NA,NA
"u.s. executive branch","u.s. department of health and human services",NA,NA,"u.s. centers for disease control and prevention",1,0,0,NA,"https://www.cdc.gov/",NA,NA,NA,NA,NA,NA
"u.s. executive branch","u.s. department of health and human services",NA,NA,"u.s. centers for medicare and medicaid services",1,0,0,NA,"https://www.cms.gov/",NA,NA,NA,NA,NA,NA
"u.s. executive branch","u.s. department of health and human services",NA,NA,"u.s. food and drug administration",1,0,0,NA,"https://www.fda.gov/",NA,NA,NA,NA,NA,NA
"u.s. executive branch","u.s. department of health and human services",NA,NA,"u.s. health resources and services administration",1,0,0,NA,"https://www.hrsa.gov/",NA,NA,NA,NA,NA,NA
"u.s. executive branch","u.s. department of health and human services",NA,NA,"u.s. indian health service",1,0,0,NA,"https://www.ihs.gov/",NA,NA,NA,NA,NA,NA
"u.s. executive branch","u.s. department of health and human services",NA,NA,"u.s. national cancer institute",1,0,0,NA,"https://www.cancer.gov/",NA,NA,NA,NA,NA,NA
"u.s. executive branch","u.s. department of health and human services",NA,NA,"u.s. national health information center",1,0,0,NA,"https://health.gov/our-work/health-literacy/resources/national-health-information-center",NA,NA,NA,NA,NA,NA
"u.s. executive branch","u.s. department of health and human services",NA,NA,"u.s. national institutes of health",1,0,0,NA,"https://www.nih.gov/",NA,NA,NA,NA,NA,NA
"u.s. executive branch","u.s. department of health and human services","u.s. administration for children and families",NA,"u.s. office of child support enforcement",1,0,0,NA,"https://www.acf.hhs.gov/css",NA,NA,NA,NA,NA,NA
"u.s. executive branch","u.s. department of health and human services",NA,NA,"u.s. office of minority health",1,0,0,NA,"https://minorityhealth.hhs.gov/",NA,NA,NA,NA,NA,NA
"u.s. executive branch","u.s. department of health and human services","u.s. administration for children and families",NA,"u.s. office of refugee resettlement",1,0,0,NA,"https://www.acf.hhs.gov/orr",NA,NA,NA,NA,NA,NA
"u.s. executive branch","u.s. department of health and human services",NA,NA,"u.s. president's council on fitness, sports and nutrition",1,0,0,NA,"https://www.hhs.gov/fitness/index.html",NA,NA,NA,NA,NA,NA
"u.s. executive branch","u.s. department of health and human services","u.s. national institutes of health",NA,"u.s. substance abuse and mental health services administration",1,0,0,NA,"https://www.samhsa.gov/",NA,NA,NA,NA,NA,NA
"u.s. executive branch","u.s. department of homeland security",NA,NA,"u.s. citizenship and immigration services",1,0,0,NA,"https://www.uscis.gov/",NA,NA,NA,NA,NA,NA
"u.s. executive branch","u.s. department of homeland security",NA,NA,"u.s. coast guard",1,0,0,NA,"https://www.uscg.mil/","https://www.uscgboating.org/",NA,NA,NA,NA,NA
"u.s. executive branch","u.s. department of homeland security",NA,NA,"u.s. computer emergency readiness team",1,0,0,NA,"https://www.us-cert.gov/",NA,NA,NA,NA,NA,NA
"u.s. executive branch","u.s. department of homeland security",NA,NA,"u.s. customs and border protection",1,0,0,NA,"https://www.cbp.gov/",NA,NA,NA,NA,NA,NA
"u.s. executive branch","u.s. department of homeland security",NA,NA,"u.s. cybersecurity and infrastructure security agency",1,0,0,NA,"https://www.cisa.gov/",NA,NA,NA,NA,NA,NA
"u.s. executive branch","u.s. department of homeland security",NA,NA,"u.s. federal emergency management agency",1,0,0,NA,"https://www.fema.gov/",NA,NA,NA,NA,NA,NA
"u.s. executive branch","u.s. department of homeland security",NA,NA,"u.s. federal law enforcement training center",1,0,0,NA,"https://www.fletc.gov/",NA,NA,NA,NA,NA,NA
"u.s. executive branch","u.s. department of homeland security",NA,NA,"u.s. federal protective service",1,0,0,NA,"https://www.dhs.gov/topic/federal-protective-service",NA,NA,NA,NA,NA,NA
"u.s. executive branch","u.s. department of homeland security","u.s. federal emergency management agency",NA,"u.s. fire administration",1,0,0,NA,"https://www.usfa.fema.gov/",NA,NA,NA,NA,NA,NA
"u.s. executive branch","u.s. department of homeland security",NA,NA,"u.s. immigration and customs enforcement",1,0,0,NA,"https://www.ice.gov/",NA,NA,NA,NA,NA,NA
"u.s. executive branch","u.s. department of homeland security","u.s. federal emergency management agency",NA,"u.s. national flood insurance program",1,0,0,NA,"https://www.floodsmart.gov/",NA,NA,NA,NA,NA,NA
"u.s. executive branch","u.s. department of homeland security",NA,NA,"u.s. secret service",1,0,0,NA,"https://www.secretservice.gov/",NA,NA,NA,NA,NA,NA
"u.s. executive branch","u.s. department of homeland security",NA,NA,"u.s. transportation security administration",1,0,0,NA,"https://www.tsa.gov/",NA,NA,NA,NA,NA,NA
"u.s. executive branch","u.s. department of housing and urban development","u.s. office of housing",NA,"u.s. federal housing administration",1,0,0,NA,"https://www.hud.gov/federal_housing_administration",NA,NA,NA,NA,NA,NA
"u.s. executive branch","u.s. department of housing and urban development",NA,NA,"u.s. government national mortgage association",1,0,0,NA,"https://www.ginniemae.gov/pages/default.aspx",NA,NA,NA,NA,NA,NA
"u.s. executive branch","u.s. department of housing and urban development",NA,NA,"u.s. office of community planning and development",1,0,0,NA,"https://www.hud.gov/program_offices/comm_planning",NA,NA,NA,NA,NA,NA
"u.s. executive branch","u.s. department of housing and urban development",NA,NA,"u.s. office of fair housing and equal opportunity",1,0,0,NA,"https://www.hud.gov/program_offices/fair_housing_equal_opp",NA,NA,NA,NA,NA,NA
"u.s. executive branch","u.s. department of housing and urban development",NA,NA,"u.s. office of housing",1,0,0,NA,"https://www.hud.gov/program_offices/housing",NA,NA,NA,NA,NA,NA
"u.s. executive branch","u.s. department of housing and urban development",NA,NA,"u.s. office of lead hazard control and healthy homes",1,0,0,NA,"https://www.hud.gov/program_offices/healthy_homes",NA,NA,NA,NA,NA,NA
"u.s. executive branch","u.s. department of housing and urban development",NA,NA,"u.s. office of manufactured housing programs",1,0,0,NA,"https://www.hud.gov/program_offices/housing/rmra/mhs/mhshome",NA,NA,NA,NA,NA,NA
"u.s. executive branch","u.s. department of housing and urban development",NA,NA,"u.s. office of multifamily housing",1,0,0,NA,"https://www.hud.gov/program_offices/housing/mfh",NA,NA,NA,NA,NA,NA
"u.s. executive branch","u.s. department of housing and urban development",NA,NA,"u.s. office of policy development and research",1,0,0,NA,"https://www.huduser.gov/portal/home.html",NA,NA,NA,NA,NA,NA
"u.s. executive branch","u.s. department of housing and urban development",NA,NA,"u.s. public and indian housing",1,0,0,NA,"https://www.hud.gov/program_offices/public_indian_housing",NA,NA,NA,NA,NA,NA
"u.s. executive branch","u.s. department of justice",NA,NA,"u.s. antitrust division",1,0,0,NA,"https://www.justice.gov/atr",NA,NA,NA,NA,NA,NA
"u.s. executive branch","u.s. department of justice",NA,NA,"u.s. bureau of alcohol, tobacco, firearms and explosives",1,0,0,NA,"https://www.atf.gov/",NA,NA,NA,NA,NA,NA
"u.s. executive branch","u.s. department of justice","u.s. office of justice programs",NA,"u.s. bureau of justice statistics",1,0,0,NA,"https://www.bjs.gov/",NA,NA,NA,NA,NA,NA
"u.s. executive branch","u.s. department of justice",NA,NA,"u.s. community oriented policing services",1,0,0,NA,"https://www.cops.usdoj.gov/",NA,NA,NA,NA,NA,NA
"u.s. executive branch","u.s. department of justice",NA,NA,"u.s. drug enforcement administration",1,0,0,NA,"https://www.dea.gov/",NA,NA,NA,NA,NA,NA
"u.s. executive branch","u.s. department of justice",NA,NA,"u.s. elder justice initiative",1,0,0,NA,"https://www.justice.gov/elderjustice",NA,NA,NA,NA,NA,NA
"u.s. executive branch","u.s. department of justice",NA,NA,"u.s. executive office for immigration review",1,0,0,NA,"https://www.justice.gov/eoir",NA,NA,NA,NA,NA,NA
"u.s. executive branch","u.s. department of justice",NA,NA,"u.s. federal bureau of investigation",1,0,0,NA,"https://www.fbi.gov/",NA,NA,NA,NA,NA,NA
"u.s. executive branch","u.s. department of justice",NA,NA,"u.s. federal bureau of prisons",1,0,0,NA,"https://www.bop.gov/",NA,NA,NA,NA,NA,NA
"u.s. executive branch","u.s. department of justice",NA,NA,"u.s. foreign claims settlement commission",1,0,0,NA,"https://www.justice.gov/fcsc",NA,NA,NA,NA,NA,NA
"u.s. executive branch","u.s. department of justice",NA,NA,"u.s. marshals service",1,0,0,NA,"https://www.usmarshals.gov//",NA,NA,NA,NA,NA,NA
"u.s. executive branch","u.s. department of justice",NA,NA,"u.s. national central bureau - interpol",1,0,0,NA,"https://www.justice.gov/interpol-washington",NA,NA,NA,NA,NA,NA
"u.s. executive branch","u.s. department of justice","u.s. federal bureau of prisons",NA,"u.s. national institute of corrections",1,0,0,NA,"https://nicic.gov/",NA,NA,NA,NA,NA,NA
"u.s. executive branch","u.s. department of justice","u.s. office of justice programs",NA,"u.s. national institute of justice",1,0,0,NA,"https://nij.ojp.gov/contact",NA,NA,NA,NA,NA,NA
"u.s. executive branch","u.s. department of justice",NA,NA,"u.s. office of immigrant and employee rights",1,0,0,NA,"https://www.justice.gov/crt/immigrant-and-employee-rights-section",NA,NA,NA,NA,NA,NA
"u.s. executive branch","u.s. department of justice",NA,NA,"u.s. office of justice programs",1,0,0,NA,"https://www.ojp.gov/",NA,NA,NA,NA,NA,NA
"u.s. executive branch","u.s. department of justice","u.s. office of justice programs",NA,"u.s. office of juvenile justice and delinquency prevention",1,0,0,NA,"https://ojjdp.ojp.gov/",NA,NA,NA,NA,NA,NA
"u.s. executive branch","u.s. department of justice",NA,NA,"u.s. office of the pardon attorney",1,0,0,NA,"https://www.justice.gov/pardon",NA,NA,NA,NA,NA,NA
"u.s. executive branch","u.s. department of justice",NA,NA,"u.s. office on violence against women",1,0,0,NA,"https://www.justice.gov/ovw",NA,NA,NA,NA,NA,NA
"u.s. executive branch","u.s. department of justice",NA,NA,"u.s. parole commission",1,0,0,NA,"https://www.justice.gov/uspc",NA,NA,NA,NA,NA,NA
"u.s. executive branch","u.s. department of justice",NA,NA,"u.s. trustee program",1,0,0,NA,"https://www.justice.gov/ust",NA,NA,NA,NA,NA,NA
"u.s. executive branch","u.s. department of labor",NA,NA,"u.s. bureau of international labor affairs",1,0,0,NA,"https://www.dol.gov/agencies/ilab",NA,NA,NA,NA,NA,NA
"u.s. executive branch","u.s. department of labor",NA,NA,"u.s. bureau of labor statistics",1,0,0,NA,"https://stats.bls.gov/",NA,NA,NA,NA,NA,NA
"u.s. executive branch","u.s. department of labor",NA,NA,"u.s. employee benefits security administration",1,0,0,NA,"https://www.dol.gov/agencies/ebsa",NA,NA,NA,NA,NA,NA
"u.s. executive branch","u.s. department of labor",NA,NA,"u.s. employment and training administration",1,0,0,NA,"https://www.dol.gov/agencies/eta/",NA,NA,NA,NA,NA,NA
"u.s. executive branch","u.s. department of labor",NA,NA,"u.s. job corps",1,0,0,NA,"https://www.jobcorps.gov/",NA,NA,NA,NA,NA,NA
"u.s. executive branch","u.s. department of labor",NA,NA,"u.s. mine safety and health administration",1,0,0,NA,"https://www.msha.gov/",NA,NA,NA,NA,NA,NA
"u.s. executive branch","u.s. department of labor",NA,NA,"u.s. occupational safety and health administration",1,0,0,NA,"https://www.osha.gov/",NA,NA,NA,NA,NA,NA
"u.s. executive branch","u.s. department of labor",NA,NA,"u.s. office of disability employment policy",1,0,0,NA,"https://www.dol.gov/odep/",NA,NA,NA,NA,NA,NA
"u.s. executive branch","u.s. department of labor",NA,NA,"u.s. veterans' employment and training service",1,0,0,NA,"https://www.dol.gov/agencies/vets",NA,NA,NA,NA,NA,NA
"u.s. executive branch","u.s. department of labor",NA,NA,"u.s. wage and hour division",1,0,0,NA,"https://www.dol.gov/agencies/whd",NA,NA,NA,NA,NA,NA
"u.s. executive branch","u.s. department of labor",NA,NA,"u.s. women's bureau",1,0,0,NA,"https://www.dol.gov/agencies/wb",NA,NA,NA,NA,NA,NA
"u.s. executive branch","u.s. department of state",NA,NA,"u.s. arms control and international security",1,0,0,NA,"https://www.state.gov/bureaus-offices/under-secretary-for-arms-control-and-international-security-affairs/",NA,NA,NA,NA,NA,NA
"u.s. executive branch","u.s. department of state",NA,NA,"u.s. bureau of consular affairs",1,0,0,NA,"https://travel.state.gov/content/travel.html",NA,NA,NA,NA,NA,NA
"u.s. executive branch","u.s. department of state",NA,NA,"u.s. economic growth, energy, and the environment",1,0,0,NA,"https://www.state.gov/bureaus-offices/under-secretary-for-economic-growth-energy-and-the-environment/",NA,NA,NA,NA,NA,NA
"u.s. executive branch","u.s. department of state",NA,NA,"u.s. mission to the united nations",1,0,0,NA,"https://usun.usmission.gov/",NA,NA,NA,NA,NA,NA
"u.s. executive branch","u.s. department of state","u.s. bureau of consular affairs",NA,"u.s. national passport information center",1,0,0,NA,"https://travel.state.gov/content/travel/en/contact-us/passports.html",NA,NA,NA,NA,NA,NA
"u.s. executive branch","u.s. department of state",NA,NA,"u.s. political affairs",1,0,0,NA,"https://www.state.gov/bureaus-offices/under-secretary-for-political-affairs/",NA,NA,NA,NA,NA,NA
"u.s. executive branch","u.s. department of state",NA,NA,"u.s. public diplomacy and public affairs",1,0,0,NA,"https://www.state.gov/bureaus-offices/under-secretary-for-public-diplomacy-and-public-affairs/",NA,NA,NA,NA,NA,NA
"u.s. executive branch","u.s. department of the interior",NA,NA,"u.s. bureau of indian affairs",1,0,0,NA,"https://www.bia.gov/",NA,NA,NA,NA,NA,NA
"u.s. executive branch","u.s. department of the interior",NA,NA,"u.s. bureau of land management",1,0,0,NA,"https://www.blm.gov/",NA,NA,NA,NA,NA,NA
"u.s. executive branch","u.s. department of the interior",NA,NA,"u.s. bureau of ocean energy management",1,0,0,NA,"https://www.boem.gov/",NA,NA,NA,NA,NA,NA
"u.s. executive branch","u.s. department of the interior",NA,NA,"u.s. bureau of reclamation",1,0,0,NA,"https://www.usbr.gov/",NA,NA,NA,NA,NA,NA
"u.s. executive branch","u.s. department of the interior",NA,NA,"u.s. bureau of safety and environmental enforcement",1,0,0,NA,"https://www.bsee.gov/",NA,NA,NA,NA,NA,NA
"u.s. executive branch","u.s. department of the interior",NA,NA,"u.s. federal consulting group",1,0,0,NA,"https://www.fcg.gov/",NA,NA,NA,NA,NA,NA
"u.s. executive branch","u.s. department of the interior",NA,NA,"u.s. fish and wildlife service",1,0,0,NA,"https://www.fws.gov/",NA,NA,NA,NA,NA,NA
"u.s. executive branch","u.s. department of the interior",NA,NA,"u.s. geological survey",1,0,0,NA,"https://www.usgs.gov/",NA,NA,NA,NA,NA,NA
"u.s. executive branch","u.s. department of the interior",NA,NA,"u.s. national park service",1,0,0,NA,"https://www.nps.gov/index.htm",NA,NA,NA,NA,NA,NA
"u.s. executive branch","u.s. department of the interior",NA,NA,"u.s. office of natural resources revenue",1,0,0,NA,"https://www.onrr.gov/",NA,NA,NA,NA,NA,NA
"u.s. executive branch","u.s. department of the interior",NA,NA,"u.s. office of surface mining reclamation and enforcement",1,0,0,NA,"https://www.osmre.gov/",NA,NA,NA,NA,NA,NA
"u.s. executive branch","u.s. department of the treasury",NA,NA,"u.s. alcohol and tobacco tax and trade bureau",1,0,0,NA,"https://www.ttb.gov/",NA,NA,NA,NA,NA,NA
"u.s. executive branch","u.s. department of the treasury",NA,NA,"u.s. bureau of engraving and printing",1,0,0,NA,"https://www.moneyfactory.gov/",NA,NA,NA,NA,NA,NA
"u.s. executive branch","u.s. department of the treasury",NA,NA,"u.s. bureau of the fiscal service",1,0,0,NA,"https://www.fiscal.treasury.gov/","https://www.treasurydirect.gov/",NA,NA,NA,NA,NA
"u.s. executive branch","u.s. department of the treasury",NA,NA,"u.s. internal revenue service",1,0,0,NA,"https://www.irs.gov/",NA,NA,NA,NA,NA,NA
"u.s. executive branch","u.s. department of the treasury",NA,NA,"u.s. mint",1,0,0,NA,"https://www.usmint.gov/",NA,NA,NA,NA,NA,NA
"u.s. executive branch","u.s. department of the treasury",NA,NA,"u.s. office of the comptroller of the currency",1,0,0,NA,"https://www.occ.gov/",NA,NA,NA,NA,NA,NA
"u.s. executive branch","u.s. department of the treasury",NA,NA,"u.s. taxpayer advocacy panel",1,0,0,NA,"https://improveirs.org/",NA,NA,NA,NA,NA,NA
"u.s. executive branch","u.s. department of transportation",NA,NA,"saint lawrence seaway development corporation",1,0,0,NA,"https://www.seaway.dot.gov/",NA,NA,NA,NA,NA,NA
"u.s. executive branch","u.s. department of transportation",NA,NA,"u.s. bureau of transportation statistics",1,0,0,NA,"https://www.bts.gov/",NA,NA,NA,NA,NA,NA
"u.s. executive branch","u.s. department of transportation",NA,NA,"u.s. federal aviation administration",1,0,0,NA,"https://www.faa.gov/",NA,NA,NA,NA,NA,NA
"u.s. executive branch","u.s. department of transportation",NA,NA,"u.s. federal highway administration",1,0,0,NA,"https://highways.dot.gov/",NA,NA,NA,NA,NA,NA
"u.s. executive branch","u.s. department of transportation",NA,NA,"u.s. federal motor carrier safety administration",1,0,0,NA,"https://www.fmcsa.dot.gov/",NA,NA,NA,NA,NA,NA
"u.s. executive branch","u.s. department of transportation",NA,NA,"u.s. federal railroad administration",1,0,0,NA,"https://railroads.dot.gov/",NA,NA,NA,NA,NA,NA
"u.s. executive branch","u.s. department of transportation",NA,NA,"u.s. federal transit administration",1,0,0,NA,"https://www.transit.dot.gov/",NA,NA,NA,NA,NA,NA
"u.s. executive branch","u.s. department of transportation",NA,NA,"u.s. maritime administration",1,0,0,NA,"https://www.maritime.dot.gov/",NA,NA,NA,NA,NA,NA
"u.s. executive branch","u.s. department of transportation",NA,NA,"u.s. national highway traffic safety administration",1,0,0,NA,"https://www.nhtsa.gov/",NA,NA,NA,NA,NA,NA
"u.s. executive branch","u.s. department of transportation",NA,NA,"u.s. office of the assistant secretary for research and technology",1,0,0,NA,"https://www.transportation.gov/administrations/research-and-technology",NA,NA,NA,NA,NA,NA
"u.s. executive branch","u.s. department of transportation",NA,NA,"u.s. pipeline and hazardous materials safety administration",1,0,0,NA,"https://www.phmsa.dot.gov/",NA,NA,NA,NA,NA,NA
"u.s. executive branch","u.s. department of veterans affairs",NA,NA,"u.s. national cemetery administration",1,0,0,NA,"https://www.cem.va.gov/",NA,NA,NA,NA,NA,NA
"u.s. executive branch","u.s. department of veterans affairs",NA,NA,"u.s. veterans benefits administration",1,0,0,NA,"https://benefits.va.gov/benefits/",NA,NA,NA,NA,NA,NA
"u.s. executive branch","u.s. department of veterans affairs",NA,NA,"u.s. veterans health administration",1,0,0,NA,"https://www.va.gov/health/",NA,NA,NA,NA,NA,NA
"u.s. executive branch","u.s. agency for global media",NA,NA,"alhurra tv",1,0,0,NA,"https://www.alhurra.com/","https://www.radiosawa.com/",NA,NA,NA,NA,NA
"u.s. executive branch","u.s. environmental protection ageny",NA,NA,"energy star program",1,0,0,NA,"https://www.energystar.gov/",NA,NA,NA,NA,NA,NA
"u.s. executive branch","u.s. general services administration",NA,NA,"federal citizen information center",1,0,0,NA,"https://www.usa.gov/explore",NA,NA,NA,NA,NA,NA
"u.s. executive branch","u.s. agency for global media",NA,NA,"middle east broadcasting networks",1,0,0,NA,"https://www.alhurra.com/","https://www.radiosawa.com/",NA,NA,NA,NA,NA
"u.s. executive branch","u.s. court services and offender supervision agency",NA,NA,"pretrial services agency for the district of columbia",1,0,0,NA,"https://www.psa.gov/",NA,NA,NA,NA,NA,NA
"u.s. executive branch","u.s. agency for global media",NA,NA,"radio and tv mart",1,0,0,NA,"https://www.radiotelevisionmarti.com/",NA,NA,NA,NA,NA,NA
"u.s. executive branch","u.s. agency for global media",NA,NA,"radio free asia",1,0,0,NA,"https://www.rfa.org/english/",NA,NA,NA,NA,NA,NA
"u.s. executive branch","u.s. agency for global media",NA,NA,"radio free europe and radio liberty",1,0,0,NA,"https://www.rferl.org/",NA,NA,NA,NA,NA,NA
"u.s. executive branch","u.s. agency for global media",NA,NA,"radio sawa",1,0,0,NA,"https://www.alhurra.com/","https://www.radiosawa.com/",NA,NA,NA,NA,NA
"u.s. executive branch",NA,NA,NA,"u.s. abilityone commission",1,0,0,NA,"https://www.abilityone.gov/",NA,NA,NA,NA,NA,NA
"u.s. executive branch",NA,NA,NA,"u.s. access board",1,0,0,NA,"https://www.access-board.gov/",NA,NA,NA,NA,NA,NA
"u.s. executive branch",NA,NA,NA,"u.s. armed forces retirement home",1,0,0,NA,"https://www.afrh.gov/",NA,NA,NA,NA,NA,NA
"u.s. executive branch",NA,NA,NA,"u.s. commission on international religious freedom",1,0,0,NA,"https://www.uscirf.gov/",NA,NA,NA,NA,NA,NA
"u.s. executive branch",NA,NA,NA,"u.s. court services and offender supervision agency",1,0,0,NA,"https://www.csosa.gov/",NA,NA,NA,NA,NA,NA
"u.s. executive branch",NA,NA,NA,"u.s. election assistance commission",1,0,0,NA,"https://www.eac.gov/",NA,NA,NA,NA,NA,NA
"u.s. executive branch",NA,NA,NA,"u.s. environmental protection ageny",1,1,0,"http://www.epa.gov","https://www.epa.gov/",NA,NA,NA,NA,NA,"202-272-0167"
"u.s. executive branch",NA,NA,NA,"u.s. farm credit system insurance corporation",1,0,0,NA,"https://www.fcsic.gov/",NA,NA,NA,NA,NA,NA
"u.s. executive branch",NA,NA,NA,"u.s. federal accounting standards advisory board",1,0,0,NA,"https://fasab.gov/",NA,NA,NA,NA,NA,NA
"u.s. executive branch","u.s. office of personnel management",NA,NA,"u.s. federal executive boards",1,0,0,NA,"https://www.feb.gov/",NA,NA,NA,NA,NA,NA
"u.s. executive branch",NA,NA,NA,"u.s. holocaust memorial museum",1,1,0,"http://www.ushmm.org","https://www.ushmm.org/",NA,NA,NA,NA,NA,"202-488-0400"
"u.s. executive branch","u.s. environmental protection ageny",NA,NA,"u.s. indoor air quality",1,0,0,NA,"https://www.epa.gov/indoor-air-quality-iaq",NA,NA,NA,NA,NA,NA
"u.s. executive branch",NA,NA,NA,"u.s. joint board for the enrollment of actuaries",1,0,0,NA,"https://www.irs.gov/tax-professionals/enrolled-actuaries",NA,NA,NA,NA,NA,NA
"u.s. executive branch",NA,NA,NA,"u.s. joint fire science program",1,0,0,NA,"https://www.firescience.gov/",NA,NA,NA,NA,NA,NA
"u.s. executive branch",NA,NA,NA,"u.s. meat and poultry hotline",1,0,0,NA,"https://www.fsis.usda.gov/wps/portal/fsis/home",NA,NA,NA,NA,NA,NA
"u.s. executive branch",NA,NA,NA,"u.s. national indian gaming commission",1,0,0,NA,"https://www.nigc.gov/",NA,NA,NA,NA,NA,NA
"u.s. executive branch",NA,NA,NA,"u.s. national interagency fire center",1,0,0,NA,"https://www.nifc.gov/",NA,NA,NA,NA,NA,NA
"u.s. executive branch","u.s. environmental protection ageny",NA,NA,"u.s. national pesticide information center",1,0,0,NA,"http://npic.orst.edu/",NA,NA,NA,NA,NA,NA
"u.s. executive branch","u.s. securities and exchange commission",NA,NA,"u.s. office of investor education and advocacy",1,0,0,NA,"https://www.investor.gov/",NA,NA,NA,NA,NA,NA
"u.s. executive branch","u.s. consumer financial protection bureau",NA,NA,"u.s. office of servicemember affairs",1,0,0,NA,"https://www.consumerfinance.gov/practitioner-resources/servicemembers/",NA,NA,NA,NA,NA,NA
"u.s. executive branch","u.s. national archives and records administration",NA,NA,"u.s. office of the federal register",1,0,0,NA,"https://www.archives.gov/federal-register",NA,NA,NA,NA,NA,NA
"u.s. executive branch","u.s. postal service",NA,NA,"u.s. postal inspection service",1,0,0,NA,"https://www.uspis.gov/",NA,NA,NA,NA,NA,NA
"u.s. executive branch","u.s. general services administration",NA,NA,"usagov",1,0,0,NA,"https://www.usa.gov/explore/",NA,NA,NA,NA,NA,NA
"u.s. executive branch","u.s. agency for global media",NA,NA,"voice of america",1,0,0,NA,"https://www.voanews.com/",NA,NA,NA,NA,NA,NA
"u.s. legislative branch","u.s. house of representatives",NA,NA,"stennis center for public service",1,0,0,NA,"https://stennis.gov/",NA,NA,NA,NA,NA,NA
"u.s. legislative branch","u.s. house of representatives",NA,NA,"u.s. architect of the capitol",1,1,0,"http://www.aoc.gov","https://www.aoc.gov/","https://www.capitol.gov/",NA,NA,NA,NA,"202-228-1793"
"u.s. legislative branch","u.s. house of representatives","u.s. architect of the capitol",NA,"u.s. botanic garden",1,1,0,"http://www.usbg.gov","https://www.usbg.gov/",NA,NA,NA,NA,"usbg@aoc.gov","202-226-8333"
"u.s. legislative branch","u.s. house of representatives",NA,NA,"u.s. capitol police",1,0,0,NA,"https://www.uscp.gov/",NA,NA,NA,NA,NA,NA
"u.s. legislative branch","u.s. house of representatives","u.s. architect of the capitol",NA,"u.s. capitol visitor center",1,0,0,NA,"http://www.visitthecapitol.gov/",NA,NA,NA,NA,NA,NA
"u.s. legislative branch","u.s. house of representatives",NA,NA,"u.s. congressional budget office",1,1,0,"http://www.cbo.gov","https://www.cbo.gov/",NA,NA,NA,NA,NA,"202-226-2600"
"u.s. legislative branch","u.s. house of representatives","u.s. library of congress",NA,"u.s. congressional research service",1,0,0,NA,"https://www.loc.gov/crsinfo/about/",NA,NA,NA,NA,NA,NA
"u.s. legislative branch","u.s. house of representatives","u.s. library of congress",NA,"u.s. copyright office",1,0,0,NA,"https://www.copyright.gov/",NA,NA,NA,NA,NA,NA
"u.s. legislative branch","u.s. house of representatives",NA,NA,"u.s. government accountability office",1,1,0,"http://www.gao.gov","https://www.gao.gov/",NA,NA,NA,NA,NA,"202-512-3000"
"u.s. legislative branch","u.s. house of representatives",NA,NA,"u.s. government publishing office",1,1,0,"http://www.gpo.gov","https://www.gpo.gov/",NA,NA,NA,NA,NA,"202-512-1800"
"u.s. legislative branch","u.s. house of representatives",NA,NA,"u.s. house office of inspector general",1,0,0,NA,"https://www.house.gov/the-house-explained/officers-and-organizations/inspector-general",NA,NA,NA,NA,NA,NA
"u.s. legislative branch","u.s. house of representatives",NA,NA,"u.s. house office of the clerk",1,0,0,NA,"http://clerk.house.gov/",NA,NA,NA,NA,NA,NA
"u.s. legislative branch","u.s. house of representatives",NA,NA,"u.s. library of congress",1,1,0,"http://www.loc.gov","https://www.loc.gov/",NA,NA,NA,NA,NA,"202-707-5000"
"u.s. legislative branch","u.s. house of representatives",NA,NA,"u.s. office of compliance",1,0,0,NA,"https://www.ocwr.gov/",NA,NA,NA,NA,NA,NA
"u.s. legislative branch","u.s. house of representatives",NA,NA,"u.s. open world leadership center",1,0,0,NA,"https://www.openworld.gov/",NA,NA,NA,NA,NA,NA
"u.s. legislative branch",NA,NA,NA,"u.s. congress",0,1,0,"http://www.congress.gov",NA,NA,NA,NA,NA,NA,NA
"u.s. legislative branch",NA,NA,NA,"u.s. house of representatives",1,0,0,NA,"https://www.house.gov/",NA,NA,NA,NA,NA,NA
"u.s. legislative branch",NA,NA,NA,"u.s. joint congressional committee on inaugural ceremonies",1,0,0,NA,"https://www.inaugural.senate.gov/",NA,NA,NA,NA,NA,NA
"u.s. legislative branch",NA,"u.s. centers for medicare and medicaid services",NA,"u.s. medicaid and chip payment and access commission",1,0,0,NA,"https://www.macpac.gov/",NA,NA,NA,NA,NA,NA
"u.s. legislative branch",NA,"u.s. centers for medicare and medicaid services",NA,"u.s. medicare payment advisory commission",1,0,0,NA,"http://www.medpac.gov/",NA,NA,NA,NA,NA,NA
"u.s. legislative branch",NA,NA,NA,"u.s. senate",1,0,0,NA,"https://www.senate.gov/",NA,NA,NA,NA,NA,NA
"u.s. judicial branch","supreme court of the u.s.",NA,NA,"u.s. court of appeals for the federal circuit",1,0,0,NA,"http://www.cafc.uscourts.gov/",NA,NA,NA,NA,NA,NA
"u.s. judicial branch","supreme court of the u.s.",NA,NA,"u.s. federal court interpreters",1,0,0,NA,"https://www.uscourts.gov/services-forms/federal-court-interpreters",NA,NA,NA,NA,NA,NA
"u.s. judicial branch",NA,NA,NA,"administrative office of the u.s. courts",1,1,0,"http://www.uscourts.gov","https://www.uscourts.gov/",NA,NA,NA,NA,NA,"202-502-2600"
"u.s. judicial branch",NA,NA,NA,"supreme court of the u.s.",1,1,0,"http://www.supremecourt.gov","https://www.supremecourt.gov/",NA,NA,NA,NA,NA,"202-479-3000"
"u.s. judicial branch",NA,NA,NA,"u.s. bankruptcy courts",1,0,0,NA,"https://www.uscourts.gov/services-forms/bankruptcy",NA,NA,NA,NA,NA,NA
"u.s. judicial branch",NA,NA,NA,"u.s. circuit courts of appeal",1,0,0,NA,"https://www.uscourts.gov/about-federal-courts",NA,NA,NA,NA,NA,NA
"u.s. judicial branch",NA,NA,NA,"u.s. court of appeals for the armed forces",1,0,0,NA,"https://www.armfor.uscourts.gov/newcaaf/home.htm",NA,NA,NA,NA,NA,NA
"u.s. judicial branch",NA,NA,NA,"u.s. court of appeals for veterans claims",1,0,0,NA,"http://www.uscourts.cavc.gov/",NA,NA,NA,NA,NA,NA
"u.s. judicial branch",NA,NA,NA,"u.s. court of federal claims",1,0,0,NA,"http://www.uscfc.uscourts.gov/",NA,NA,NA,NA,NA,NA
"u.s. judicial branch",NA,NA,NA,"u.s. court of international trade",1,0,0,NA,"https://www.cit.uscourts.gov/",NA,NA,NA,NA,NA,NA
"u.s. judicial branch",NA,NA,NA,"u.s. federal judicial center",1,1,0,"http://www.fjc.gov","https://www.fjc.gov/",NA,NA,NA,NA,NA,"202-502-4000"
"u.s. judicial branch",NA,NA,NA,"u.s. judicial panel on multidistrict litigation",1,0,0,NA,"https://www.jpml.uscourts.gov/",NA,NA,NA,NA,NA,NA
"u.s. judicial branch",NA,NA,NA,"u.s. lower courts",0,1,0,NA,NA,NA,NA,NA,NA,NA,NA
"u.s. judicial branch",NA,NA,NA,"u.s. sentencing commission",1,1,0,"http://www.ussc.gov","https://www.ussc.gov/",NA,NA,NA,NA,NA,"202-502-4500"
"u.s. judicial branch",NA,NA,NA,"u.s. special courts",0,1,0,NA,NA,NA,NA,NA,NA,NA,NA
"u.s. judicial branch",NA,NA,NA,"u.s. tax court",1,0,0,NA,"https://www.ustaxcourt.gov/",NA,NA,NA,NA,NA,NA
"u.s. independent agency",NA,NA,NA,"administrative conference of the u.s.",1,1,0,"http://www.acus.gov","https://www.acus.gov/",NA,NA,NA,NA,"info@acus.gov","202-480-2080"
"u.s. independent agency",NA,NA,NA,"african development bank group",1,1,0,"http://www.usadf.gov","https://www.usadf.gov/welcome/",NA,NA,NA,NA,NA,"202-233-8800"
"u.s. independent agency","u.s. corporation for national and community service",NA,NA,"americorps",1,0,0,NA,"https://www.americorps.gov/",NA,NA,NA,NA,NA,NA
"u.s. independent agency",NA,NA,NA,"amtrak",1,1,0,"http://www.amtrak.com","https://www.amtrak.com/home.html",NA,NA,NA,NA,NA,"202-906-3000"
"u.s. independent agency",NA,NA,NA,"denali commission",1,0,0,NA,"http://www.denali.gov/",NA,NA,NA,NA,NA,NA
"u.s. independent agency",NA,NA,NA,"export-import bank of the u.s.",1,1,0,"http://www.exim.gov","https://www.exim.gov/",NA,NA,NA,NA,NA,"202-565-3946"
"u.s. independent agency",NA,NA,NA,"inter-american foundation",1,1,0,"http://www.iaf.gov","https://www.iaf.gov/",NA,NA,NA,NA,NA,"202-360-4530"
"u.s. independent agency",NA,NA,NA,"millennium challenge corporation",1,0,0,NA,"https://www.mcc.gov/",NA,NA,NA,NA,NA,NA
"u.s. independent agency","u.s. corporation for national and community service",NA,NA,"senior corps",1,0,0,NA,"https://www.nationalservice.gov/programs/senior-corps",NA,NA,NA,NA,NA,NA
"u.s. independent agency",NA,NA,NA,"tennessee valley authority",1,1,0,"http://www.tva.com","https://www.tva.com/",NA,NA,NA,NA,NA,"865-632-2101"
"u.s. independent agency",NA,NA,NA,"u.s. agency for global media",1,1,0,"http://www.usagm.gov","https://www.usagm.gov/",NA,NA,NA,NA,NA,"202-203-4545"
"u.s. independent agency",NA,NA,NA,"u.s. agency for international development",1,1,0,"http://www.usaid.gov","https://www.usaid.gov/",NA,NA,NA,NA,NA,"202-712-0000"
"u.s. independent agency",NA,NA,NA,"u.s. central intelligence agency",1,1,0,"http://www.cia.gov","https://www.cia.gov/index.html",NA,NA,NA,NA,NA,"703-482-0623"
"u.s. independent agency",NA,NA,NA,"u.s. chief acquisition officers council",1,0,0,NA,"https://www.cao.gov/cao-home",NA,NA,NA,NA,NA,NA
"u.s. independent agency",NA,NA,NA,"u.s. chief financial officers council",1,0,0,NA,"https://cfo.gov/",NA,NA,NA,NA,NA,NA
"u.s. independent agency",NA,NA,NA,"u.s. chief human capital officers council",1,0,0,NA,"https://www.chcoc.gov/",NA,NA,NA,NA,NA,NA
"u.s. independent agency",NA,NA,NA,"u.s. chief information officers council",1,0,0,NA,"https://www.cio.gov/",NA,NA,NA,NA,NA,NA
"u.s. independent agency",NA,NA,NA,"u.s. commission on civil rights",1,1,0,"http://www.usccr.gov","https://www.usccr.gov/",NA,NA,NA,NA,NA,"202-376-8128"
"u.s. independent agency",NA,NA,NA,"u.s. commission on security and cooperation in europe",1,0,0,NA,"https://www.csce.gov/",NA,NA,NA,NA,NA,NA
"u.s. independent agency",NA,NA,NA,"u.s. commodity futures trading commission",1,1,0,"http://www.cftc.gov/index.htm","https://www.cftc.gov/",NA,NA,NA,NA,NA,"202-418-5000"
"u.s. independent agency",NA,NA,NA,"u.s. consumer financial protection bureau",1,1,0,"http://www.consumerfinance.gov","https://www.consumerfinance.gov/",NA,NA,NA,NA,NA,"202-435-7000"
"u.s. independent agency",NA,NA,NA,"u.s. consumer product safety commission",1,1,0,"http://www.cpsc.gov","https://www.cpsc.gov/","https://www.recalls.gov/",NA,NA,NA,NA,"301-504-7923"
"u.s. independent agency",NA,NA,NA,"u.s. corporation for national and community service",1,1,0,"http://www.nationalservice.gov","https://www.nationalservice.gov/about/contact-us",NA,NA,NA,NA,NA,"202-606-5000"
"u.s. independent agency",NA,NA,NA,"u.s. defense nuclear facilities safety board",1,1,0,"http://www.dnfsb.gov","https://www.dnfsb.gov/",NA,NA,NA,NA,NA,"202-694-7000"
"u.s. independent agency",NA,NA,NA,"u.s. equal employment opportunity commission",1,1,0,"http://www.eeoc.gov","https://www.eeoc.gov/",NA,NA,NA,NA,NA,"202-663-4900"
"u.s. independent agency",NA,NA,NA,"u.s. farm credit administration",1,1,0,"http://www.fca.gov","https://www.fca.gov/",NA,NA,NA,NA,NA,"703-883-4000"
"u.s. independent agency",NA,NA,NA,"u.s. federal communications commission",1,1,0,"http://www.fcc.gov","https://www.fcc.gov/",NA,NA,NA,NA,NA,"888-225-5322"
"u.s. independent agency",NA,NA,NA,"u.s. federal deposit insurance corporation",1,1,0,"http://www.fdic.gov","https://www.fdic.gov/",NA,NA,NA,NA,NA,"703-562-2222"
"u.s. independent agency",NA,NA,NA,"u.s. federal election commission",1,1,0,"http://www.fec.gov","https://www.fec.gov/",NA,NA,NA,NA,NA,"202-694-1100"
"u.s. independent agency",NA,NA,NA,"u.s. federal housing finance agency",1,1,0,"http://www.fhfa.gov","https://www.fhfa.gov/",NA,NA,NA,NA,NA,"202-649-3800"
"u.s. independent agency",NA,NA,NA,"u.s. federal labor relations authority",1,1,0,"http://www.flra.gov","https://www.flra.gov/",NA,NA,NA,NA,NA,"202-218-7770"
"u.s. independent agency",NA,NA,NA,"u.s. federal maritime commission",1,1,0,"http://www.fmc.gov","https://www.fmc.gov/",NA,NA,NA,NA,NA,"202-523-5707"
"u.s. independent agency",NA,NA,NA,"u.s. federal mediation and conciliation service",1,1,0,"http://www.fmcs.gov","https://www.fmcs.gov/",NA,NA,NA,NA,NA,"202-606-8100"
"u.s. independent agency",NA,NA,NA,"u.s. federal mine safety and health review commission",1,1,0,"http://www.fmshrc.gov","https://www.fmshrc.gov/",NA,NA,NA,NA,"fmshrc@fmshrc.gov","202-434-9900"
"u.s. independent agency",NA,NA,NA,"u.s. federal reserve system",1,1,0,"http://www.federalreserve.gov","https://www.federalreserve.gov/",NA,NA,NA,NA,NA,"202-452-3000"
"u.s. independent agency",NA,NA,NA,"u.s. federal retirement thrift investment board",1,1,0,"http://www.frtib.gov","https://www.frtib.gov/",NA,NA,NA,NA,NA,"202-942-1600"
"u.s. independent agency",NA,NA,NA,"u.s. federal trade commission",1,1,0,"http://www.ftc.gov","https://www.ftc.gov/","https://www.consumer.ftc.gov/",NA,NA,NA,NA,"202-326-2222"
"u.s. independent agency",NA,NA,NA,"u.s. general services administration",1,1,0,"http://www.gsa.gov","https://www.gsa.gov/",NA,NA,NA,NA,NA,NA
"u.s. independent agency",NA,NA,NA,"u.s. institute of museum and library services",1,0,0,NA,"https://www.imls.gov/",NA,NA,NA,NA,NA,NA
"u.s. independent agency",NA,NA,NA,"u.s. international development finance corporation",1,0,0,NA,"https://www.dfc.gov/",NA,NA,NA,NA,NA,NA
"u.s. independent agency",NA,NA,NA,"u.s. international trade commission",1,1,0,"http://www.usitc.gov","https://www.usitc.gov/",NA,NA,NA,NA,NA,"202-205-2000"
"u.s. independent agency",NA,NA,NA,"u.s. merit systems protection board",1,1,0,"http://www.mspb.gov","https://www.mspb.gov/",NA,NA,NA,NA,NA,"202-653-7200"
"u.s. independent agency",NA,NA,NA,"u.s. national aeronautics and space administration",1,1,0,"http://www.nasa.gov","https://www.nasa.gov/",NA,NA,NA,NA,NA,"202-358-0000"
"u.s. independent agency",NA,NA,NA,"u.s. national archives and records administration",1,1,0,"http://www.archives.gov","https://www.archives.gov/",NA,NA,NA,NA,NA,"866-272-6272"
"u.s. independent agency",NA,NA,NA,"u.s. national capital planning commission",1,1,0,"http://www.ncpc.gov","https://www.ncpc.gov/",NA,NA,NA,NA,NA,"202-482-7200"
"u.s. independent agency",NA,NA,NA,"u.s. national credit union administration",1,1,0,"http://www.ncua.gov","https://www.ncua.gov/",NA,NA,NA,NA,NA,"703-518-6300"
"u.s. independent agency",NA,NA,NA,"u.s. national endowment for the arts",1,0,0,NA,"https://www.arts.gov/",NA,NA,NA,NA,NA,NA
"u.s. independent agency",NA,NA,NA,"u.s. national endowment for the humanities",1,0,0,NA,"https://www.neh.gov/",NA,NA,NA,NA,NA,NA
"u.s. independent agency",NA,NA,NA,"u.s. national foundation on the arts and the humanities",0,1,0,NA,NA,NA,NA,NA,NA,NA,NA
"u.s. independent agency",NA,NA,NA,"u.s. national labor relations board",1,1,0,"http://www.nlrb.gov","https://www.nlrb.gov/",NA,NA,NA,NA,NA,"202-273-1000"
"u.s. independent agency",NA,NA,NA,"u.s. national mediation board",1,1,0,"http://www.nmb.gov","https://nmb.gov/NMB_Application/",NA,NA,NA,NA,NA,"202-692-5000"
"u.s. independent agency",NA,NA,NA,"u.s. national science foundation",1,1,0,"http://www.nsf.gov","https://www.nsf.gov/",NA,NA,NA,NA,"info@nsf.gov","703-292-5111"
"u.s. independent agency",NA,NA,NA,"u.s. national transportation safety board",1,1,0,"http://www.ntsb.gov","https://www.ntsb.gov/Pages/default.aspx",NA,NA,NA,NA,NA,"202-314-6000"
"u.s. independent agency",NA,NA,NA,"u.s. nuclear regulatory commission",1,1,0,"http://www.nrc.gov","https://www.nrc.gov/",NA,NA,NA,NA,"opa.resource@nrc.gov","301-415-7000"
"u.s. independent agency",NA,NA,NA,"u.s. occupational safety and health review commission",1,1,0,"http://www.oshrc.gov","https://www.oshrc.gov/",NA,NA,NA,NA,NA,"202-606-5100"
"u.s. independent agency",NA,NA,NA,"u.s. office of director of national intelligence",1,1,0,"http://www.dni.gov","https://www.dni.gov/",NA,NA,NA,NA,NA,"703-733-8600"
"u.s. independent agency",NA,NA,NA,"u.s. office of government ethics",1,1,0,"http://www.oge.gov","https://www.oge.gov/",NA,NA,NA,NA,NA,"202-482-9300"
"u.s. independent agency",NA,NA,NA,"u.s. office of personnel management",1,1,0,"http://www.opm.gov","https://www.opm.gov/",NA,NA,NA,NA,NA,"202-606-1800"
"u.s. independent agency",NA,NA,NA,"u.s. office of special counsel",1,1,0,"http://www.osc.gov","https://osc.gov/",NA,NA,NA,NA,NA,"202-804-7000"
"u.s. independent agency",NA,NA,NA,"u.s. overseas private investment corporation",0,1,0,"http://www.opic.gov",NA,NA,NA,NA,NA,NA,"202-336-8400"
"u.s. independent agency",NA,NA,NA,"u.s. peace corps",1,1,0,"http://www.peacecorps.gov","https://www.peacecorps.gov/",NA,NA,NA,NA,NA,"855-855-1961"
"u.s. independent agency",NA,NA,NA,"u.s. pension benefit guaranty corporation",1,1,0,"http://www.pbgc.gov","https://www.pbgc.gov/",NA,NA,NA,NA,NA,"202-326-4000"
"u.s. independent agency",NA,NA,NA,"u.s. postal regulatory commission",1,1,0,"http://www.prc.gov","https://www.prc.gov/",NA,NA,NA,NA,NA,"202-789-6800"
"u.s. independent agency",NA,NA,NA,"u.s. postal service",1,1,0,"http://www.usps.gov","https://www.usps.com/",NA,NA,NA,NA,NA,"202-268-2000"
"u.s. independent agency",NA,NA,NA,"u.s. privacy and civil liberties oversight board",1,0,0,NA,"https://www.pclob.gov/",NA,NA,NA,NA,NA,NA
"u.s. independent agency",NA,NA,NA,"u.s. railroad retirement board",1,1,0,"http://www.rrb.gov","https://rrb.gov/",NA,NA,NA,NA,"opa@rrb.gov","312-751-4777"
"u.s. independent agency",NA,NA,NA,"u.s. securities and exchange commission",1,1,0,"http://www.sec.gov","https://www.sec.gov/",NA,NA,NA,NA,NA,"202-551-7500"
"u.s. independent agency",NA,NA,NA,"u.s. selective service system",1,1,0,"http://www.sss.gov","https://www.sss.gov/",NA,NA,NA,NA,NA,"703-605-4100"
"u.s. independent agency",NA,NA,NA,"u.s. small business administration",1,1,0,"http://www.sba.gov","https://www.sba.gov/",NA,NA,NA,NA,NA,"202-205-6600"
"u.s. independent agency",NA,NA,NA,"u.s. social security administration",1,1,0,"http://www.socialsecurity.gov","https://www.ssa.gov/",NA,NA,NA,NA,NA,"410-965-1234 / 800-772-1213"
"u.s. independent agency",NA,NA,NA,"u.s. surface transportation board",1,1,0,"http://www.stb.gov/stb/index.html","https://prod.stb.gov/",NA,NA,NA,NA,NA,"202-245-0245"
"u.s. independent agency",NA,NA,NA,"u.s. trade and development agency",1,1,0,"http://www.ustda.gov","https://www.ustda.gov/",NA,NA,NA,NA,NA,"703-875-4357"
"u.s. independent agency","u.s. federal communications commission",NA,NA,"u.s. wireless telecommunications bureau",1,0,0,NA,"https://www.fcc.gov/wireless-telecommunications",NA,NA,NA,NA,NA,NA
"u.s. independent agency",NA,NA,NA,"white house",1,0,0,NA,"https://www.whitehouse.gov/",NA,NA,NA,NA,NA,NA
"u.s. independent board, commission, committee","u.s. department of state",NA,NA,"fulbright foreign scholarship board",1,0,0,NA,"https://eca.state.gov/fulbright/about-fulbright/j-william-fulbright-foreign-scholarship-board-ffsb",NA,NA,NA,NA,NA,NA
"u.s. independent board, commission, committee","u.s. department of the interior","u.s. fish and wildlife service",NA,"u.s. endangered species program",1,0,0,NA,"https://www.fws.gov/endangered/",NA,NA,NA,NA,NA,NA
"u.s. independent board, commission, committee","u.s. department of the interior",NA,NA,"u.s. indian arts and crafts board",1,0,0,NA,"https://www.doi.gov/iacb/",NA,NA,NA,NA,NA,NA
"u.s. independent board, commission, committee","u.s. department of the interior","u.s. fish and wildlife service",NA,"u.s. migratory bird conservation commission",1,0,0,NA,"https://www.fws.gov/refuges/realty/mbcc.html",NA,NA,NA,NA,NA,NA
"u.s. independent board, commission, committee","u.s. department of the treasury",NA,NA,"committee on foreign investment in the u.s.",1,0,0,NA,"https://www.treasury.gov/about/organizational-structure/offices/International-Affairs/Pages/cfius-index.aspx",NA,NA,NA,NA,NA,NA
"u.s. independent board, commission, committee","u.s. department of the treasury",NA,NA,"u.s. federal financing bank",1,0,0,NA,"https://ffb.treasury.gov/",NA,NA,NA,NA,NA,NA
"u.s. independent board, commission, committee","u.s. department of veterans affairs",NA,NA,"veterans day national committee",1,0,0,NA,"https://www.va.gov/opa/vetsday/vdnc.asp",NA,NA,NA,NA,NA,NA
"u.s. independent board, commission, committee",NA,NA,NA,"american battle monuments commission",1,0,0,NA,"http://www.abmc.gov/",NA,NA,NA,NA,NA,NA
"u.s. independent board, commission, committee",NA,NA,NA,"appalachian regional commission",1,0,0,NA,"https://www.arc.gov/index.asp",NA,NA,NA,NA,NA,NA
"u.s. independent board, commission, committee",NA,NA,NA,"barry m. goldwater scholarship and excellence in education program",1,0,0,NA,"https://goldwater.scholarsapply.org/",NA,NA,NA,NA,NA,NA
"u.s. independent board, commission, committee",NA,NA,NA,"delaware river basin commission",1,0,0,NA,"https://www.state.nj.us/drbc/",NA,NA,NA,NA,NA,NA
"u.s. independent board, commission, committee",NA,NA,NA,"delta regional authority",1,0,0,NA,"https://dra.gov/",NA,NA,NA,NA,NA,NA
"u.s. independent board, commission, committee",NA,NA,NA,"harry s. truman scholarship foundation",1,0,0,NA,"https://www.truman.gov/",NA,NA,NA,NA,NA,NA
"u.s. independent board, commission, committee",NA,NA,NA,"james madison memorial fellowship foundation",1,0,0,NA,"https://www.jamesmadison.gov/",NA,NA,NA,NA,NA,NA
"u.s. independent board, commission, committee",NA,NA,NA,"japan-u.s. friendship commission",1,0,0,NA,"https://www.jusfc.gov/",NA,NA,NA,NA,NA,NA
"u.s. independent board, commission, committee",NA,NA,NA,"mississippi river commission",1,0,0,NA,"https://www.mvd.usace.army.mil/About/Mississippi-River-Commission-MRC/",NA,NA,NA,NA,NA,NA
"u.s. independent board, commission, committee",NA,NA,NA,"morris k. udall and stewart l. udall foundation",1,0,0,NA,"https://www.udall.gov/",NA,NA,NA,NA,NA,NA
"u.s. independent board, commission, committee",NA,NA,NA,"presidio trust",1,0,0,NA,"https://www.presidio.gov/",NA,NA,NA,NA,NA,NA
"u.s. independent board, commission, committee",NA,NA,NA,"susquehanna river basin commission",1,0,0,NA,"https://www.srbc.net/",NA,NA,NA,NA,NA,NA
"u.s. independent board, commission, committee",NA,NA,NA,"u.s. advisory council on historic preservation",1,0,0,NA,"https://www.achp.gov/",NA,NA,NA,NA,NA,NA
"u.s. independent board, commission, committee",NA,NA,NA,"u.s. arctic research commission",1,0,0,NA,"https://www.arctic.gov/",NA,NA,NA,NA,NA,NA
"u.s. independent board, commission, committee",NA,NA,NA,"u.s. chemical safety board",1,0,0,NA,"https://www.csb.gov/",NA,NA,NA,NA,NA,NA
"u.s. independent board, commission, committee",NA,NA,NA,"u.s. citizens' stamp advisory committee",1,0,0,NA,"https://about.usps.com/who-we-are/csac/welcome.htm",NA,NA,NA,NA,NA,NA
"u.s. independent board, commission, committee",NA,NA,NA,"u.s. commission of fine arts",1,0,0,NA,"https://www.cfa.gov/",NA,NA,NA,NA,NA,NA
"u.s. independent board, commission, committee",NA,NA,NA,"u.s. coordinating council on juvenile justice and delinquency prevention",1,0,0,NA,"https://www.juvenilecouncil.gov/",NA,NA,NA,NA,NA,NA
"u.s. independent board, commission, committee",NA,NA,NA,"u.s. council of the inspectors general on integrity and efficiency",1,0,0,NA,"https://www.ignet.gov/",NA,NA,NA,NA,NA,NA
"u.s. independent board, commission, committee",NA,NA,NA,"u.s. federal financial institutions examination council",1,0,0,NA,"https://www.ffiec.gov/",NA,NA,NA,NA,NA,NA
"u.s. independent board, commission, committee",NA,NA,NA,"u.s. federal geographic data committee",1,0,0,NA,"https://www.fgdc.gov/",NA,NA,NA,NA,NA,NA
"u.s. independent board, commission, committee",NA,NA,NA,"u.s. federal interagency committee on education",1,0,0,NA,"https://www2.ed.gov/about/bdscomm/list/com.html#fice",NA,NA,NA,NA,NA,NA
"u.s. independent board, commission, committee",NA,NA,NA,"u.s. federal interagency council on statistical policy",1,0,0,NA,"https://nces.ed.gov/FCSM/index.asp",NA,NA,NA,NA,NA,NA
"u.s. independent board, commission, committee",NA,NA,NA,"u.s. federal laboratory consortium for technology transfer",1,0,0,NA,"https://www.federallabs.org/",NA,NA,NA,NA,NA,NA
"u.s. independent board, commission, committee",NA,NA,NA,"u.s. federal library and information center committee",1,0,0,NA,"https://www.loc.gov/flicc/",NA,NA,NA,NA,NA,NA
"u.s. independent board, commission, committee",NA,NA,NA,"u.s. interagency alternative dispute resolution working group",1,0,0,NA,"https://www.adr.gov/index.html",NA,NA,NA,NA,NA,NA
"u.s. independent board, commission, committee",NA,NA,NA,"u.s. interagency committee for the management of noxious and exotic weeds",1,0,0,NA,"https://www.fs.fed.us/ficmnew/index.shtml",NA,NA,NA,NA,NA,NA
"u.s. independent board, commission, committee",NA,NA,NA,"u.s. interagency council on homelessness",1,0,0,NA,"https://www.usich.gov/",NA,NA,NA,NA,NA,NA
"u.s. independent board, commission, committee",NA,NA,NA,"u.s. marine mammal commission",1,0,0,NA,"https://www.mmc.gov/",NA,NA,NA,NA,NA,NA
"u.s. independent board, commission, committee",NA,NA,NA,"u.s. national council on disability",1,0,0,NA,"https://ncd.gov/",NA,NA,NA,NA,NA,NA
"u.s. independent board, commission, committee",NA,NA,NA,"u.s. national park foundation",1,0,0,NA,"https://www.nationalparks.org/",NA,NA,NA,NA,NA,NA
"u.s. independent board, commission, committee",NA,NA,NA,"u.s. northern border regional commission",1,0,0,NA,"http://www.nbrc.gov/",NA,NA,NA,NA,NA,NA
"u.s. independent board, commission, committee",NA,NA,NA,"u.s. northwest power and conservation council",1,0,0,NA,"https://www.nwcouncil.org/",NA,NA,NA,NA,NA,NA
"u.s. independent board, commission, committee",NA,NA,NA,"u.s. nuclear waste technical review board",1,0,0,NA,"https://www.nwtrb.gov/",NA,NA,NA,NA,NA,NA
"u.s. independent board, commission, committee",NA,NA,NA,"u.s. social security advisory board",1,0,0,NA,"https://www.ssab.gov/",NA,NA,NA,NA,NA,NA
"u.s. quasi-official governmental institution",NA,NA,NA,"john f. kennedy center for the performing arts",1,0,0,NA,"https://www.kennedy-center.org/",NA,NA,NA,NA,NA,NA
"u.s. quasi-official governmental institution",NA,NA,NA,"smithsonian institution",1,1,0,"http://www.si.edu","https://www.si.edu/",NA,NA,NA,NA,NA,"202-633-1000"
"u.s. quasi-official governmental institution","u.s. federal housing finance agency",NA,NA,"u.s. federal home loan mortgage corporation",1,0,0,NA,"http://www.freddiemac.com/",NA,NA,NA,NA,NA,NA
"u.s. quasi-official governmental institution","u.s. federal housing finance agency",NA,NA,"u.s. federal national mortgage association",1,0,0,NA,"https://www.fanniemae.com/portal/index.html",NA,NA,NA,NA,NA,NA
"u.s. quasi-official governmental institution",NA,NA,NA,"u.s. institute of peace",1,1,0,"http://www.usip.org","https://www.usip.org/",NA,NA,NA,NA,NA,"202-457-1700"
"u.s. quasi-official governmental institution",NA,NA,NA,"u.s. legal services corporation",1,1,0,"http://www.lsc.gov","https://www.lsc.gov/",NA,NA,NA,NA,NA,"202-295-1500"
"u.s. quasi-official governmental institution",NA,NA,NA,"u.s. national constitution center",1,0,0,NA,"https://constitutioncenter.org/",NA,NA,NA,NA,NA,NA
"u.s. quasi-official governmental institution",NA,NA,NA,"u.s. national gallery of art",1,0,0,NA,"https://www.nga.gov/",NA,NA,NA,NA,NA,NA
"u.s. quasi-official governmental institution",NA,NA,NA,"u.s. state justice institute",1,1,0,"http://www.sji.gov","https://www.sji.gov/about-sji/",NA,NA,NA,NA,"contact@sji.gov","571-313-8843"
"u.s. quasi-official governmental institution",NA,NA,NA,"woodrow wilson international center for scholars",1,0,0,NA,"https://www.wilsoncenter.org/",NA,NA,NA,NA,NA,NA
"u.s. international organizations",NA,NA,NA,"asian development bank",0,1,0,"http://www.adb.org",NA,NA,NA,NA,NA,"information@adb.org","+632 632-4444"
"u.s. international organizations",NA,NA,NA,"european bank for reconstruction and development",0,1,0,"http://www.ebrd.com",NA,NA,NA,NA,NA,NA,"+44 20 7338 6000"
"u.s. international organizations",NA,NA,NA,"inter-american defense board",0,1,0,"http://iadb.jid.org",NA,NA,NA,NA,NA,"protocol@jid.org","202-939-6041"
"u.s. international organizations",NA,NA,NA,"inter-american development bank",0,1,0,"http://www.iadb.org",NA,NA,NA,NA,NA,NA,"202-623-1000"
"u.s. international organizations",NA,NA,NA,"inter-american investment corporation",0,1,0,"http://www.iic.org/en",NA,NA,NA,NA,NA,NA,"202-623-3901"
"u.s. international organizations",NA,NA,NA,"international monetary fund",0,1,0,"http://www.imf.org",NA,NA,NA,NA,NA,NA,"202-623-7000"
"u.s. international organizations",NA,NA,NA,"international organization for migration",0,1,0,"http://www.iom.int",NA,NA,NA,NA,NA,"hq@iom.int","011-41-22-717-9111"
"u.s. international organizations",NA,NA,NA,"organization of american states",0,1,0,"http://www.oas.org/en",NA,NA,NA,NA,NA,NA,"202-370-5000"
"u.s. international organizations",NA,NA,NA,"united nations",0,1,0,"http://www.un.org",NA,NA,NA,NA,NA,NA,"212-963-1234"
"u.s. international organizations",NA,NA,NA,"world bank group",0,1,0,"http://www.worldbank.org",NA,NA,NA,NA,NA,NA,"202-473-1000"
NA,"u.s. department of defense",NA,"the aerospace corporation","aerospace federally funded research and development center",0,0,1,NA,NA,NA,"http://www.defense.gov/","http://www.af.mil/","http://www.aero.org/",NA,NA
NA,"u.s. department of defense",NA,"rand corp.","arroyo center",0,0,1,NA,NA,NA,"http://www.defense.gov/","http://www.army.mil/","http://www.rand.org/",NA,NA
NA,"u.s. department of defense",NA,"mitre corp.","national security engineering center",0,0,1,NA,NA,NA,"http://www.defense.gov/","https://www.cto.mil/","https://www.mitre.org/",NA,NA
NA,"u.s. department of transportation",NA,"mitre corp.","center for advanced aviation system development",0,0,1,NA,NA,NA,"http://www.dot.gov/","http://www.faa.gov/","http://www.mitre.org/",NA,NA
NA,"u.s. department of the treasury",NA,"mitre corporation","center for enterprise modernization",0,0,1,NA,NA,NA,"https://home.treasury.gov/","http://www.irs.gov/","http://www.mitre.org/",NA,NA
NA,"u.s. department of defense",NA,"the cna corporation","center for naval analyses",0,0,1,NA,NA,NA,"http://www.defense.gov/","http://www.navy.mil/","http://www.cna.org/",NA,NA
NA,"u.s. nuclear regulatory commission",NA,"southwest research institute","center for nuclear waste regulatory analyses",0,0,1,NA,NA,NA,"http://www.nrc.gov/",NA,"http://www.swri.org/",NA,NA
NA,"u.s. department of defense",NA,"institute for defense analyses","center for communications and computing",0,0,1,NA,NA,NA,"http://www.defense.gov/","http://www.nsa.gov/","http://www.ida.org/",NA,NA
NA,"u.s. department of health and human services",NA,"mitre corp.","cms alliance to modernize healthcare",0,0,1,NA,NA,NA,"http://www.dhhs.gov/","http://www.cms.gov/","http://www.mitre.org/",NA,NA
NA,"u.s. department of homeland security",NA,"rand corp.","homeland security operational analysis center",0,0,1,NA,NA,NA,"http://www.dhs.gov/","https://www.dhs.gov/science-and-technology","http://www.rand.org/",NA,NA
NA,"u.s. department of homeland security",NA,"mitre corp.","homeland security systems engineering and development institute",0,0,1,NA,NA,NA,"http://www.dhs.gov/","https://www.dhs.gov/science-and-technology","https://www.mitre.org/",NA,NA
NA,"u.s. national aeronautics and space administration",NA,"california institute of technology","jet propulsion laboratory",0,0,1,NA,NA,NA,"http://www.nasa.gov/",NA,"http://www.caltech.edu/",NA,NA
NA,"u.s. courts",NA,"mitre corp.","judiciary engineering and modernization center",0,0,1,NA,NA,NA,"http://www.uscourts.gov/","http://www.uscourts.gov/FederalCourts/UnderstandingtheFederalCourts/AdministrativeOffice.aspx","http://www.mitre.org/",NA,NA
NA,"u.s. department of defense",NA,"massachusetts institute of technology","lincoln laboratory",0,0,1,NA,NA,NA,"http://www.defense.gov/","https://www.cto.mil/","http://web.mit.edu/",NA,NA
NA,"u.s. department of homeland security",NA,"battelle national biodefense institute","national biodefense analysis and countermeasures center",0,0,1,NA,NA,NA,"http://www.dhs.gov/","https://www.dhs.gov/science-and-technology","http://www.bnbi.org/",NA,NA
NA,"u.s. national institute of standards and technology",NA,"mitre corp.","national cybersecurity center of excellence",0,0,1,NA,NA,NA,"http://www.nist.gov/",NA,"http://www.mitre.org/",NA,NA
NA,"u.s. national science foundation",NA,"university corporation for atmospheric research","national center for atmospheric research",0,0,1,NA,NA,NA,"http://www.nsf.gov/",NA,"https://www.ucar.edu/",NA,NA
NA,"u.s. department of defense",NA,"rand corp.","national defense research institute",0,0,1,NA,NA,NA,"http://www.defense.gov/","https://www.acq.osd.mil/","http://www.rand.org/",NA,NA
NA,"u.s. national science foundation",NA,"association of universities for research in astronomy, inc.","nsf's national optical-infrared astronomy research laboratory",0,0,1,NA,NA,NA,"http://www.nsf.gov/",NA,"http://www.aura-astronomy.org/",NA,NA
NA,"u.s. national science foundation",NA,"associated universities, inc.","national radio astronomy observatory",0,0,1,NA,NA,NA,"http://www.nsf.gov/",NA,"http://www.aui.edu/",NA,NA
NA,"u.s. national science foundation",NA,"association of universities for research in astronomy, inc.","national solar observatory",0,0,1,NA,NA,NA,"http://www.nsf.gov/",NA,"http://www.aura-astronomy.org/",NA,NA
NA,"u.s. department of energy",NA,"national technology and engineering solutions of sandia, llc","sandia national laboratories",0,0,1,NA,NA,NA,"http://www.energy.gov/",NA,NA,NA,NA
NA,"u.s. national science foundation",NA,"institute for defense analyses","science and technology policy institute",0,0,1,NA,NA,NA,"http://www.nsf.gov/",NA,"http://www.ida.org/",NA,NA
NA,"u.s. department of defense",NA,"carnegie mellon university","software engineering institute",0,0,1,NA,NA,NA,"http://www.defense.gov/","https://www.cto.mil/","http://www.cmu.edu/",NA,NA
NA,"u.s. department of defense",NA,"institute for defense analyses","systems and analyses center",0,0,1,NA,NA,NA,"http://www.defense.gov/","https://www.acq.osd.mil/","http://www.ida.org/",NA,NA
